prompt,language,source
今天的天气非常,zh,original
我想告诉你关于,zh,original
科学家们发现了,zh,original
生活中最重要的事是,zh,original
从前有一个,zh,original
他补充道：“我们现在有 4 个月大没有糖尿病的老鼠，但它们曾经得过该病。”,zh,flores200
埃胡德·乌尔博士（新斯科舍省哈利法克斯市达尔豪西大学医学教授，加拿大糖尿病协会临床与科学部门教授）提醒，这项研究仍处在早期阶段。,zh,flores200
和其他一些专家一样，他对糖尿病能否治愈持怀疑态度。他指出，这些发现与已患有 1 型糖尿病的人无关。,zh,flores200
达尼厄斯说道：“目前我们保持按兵不动。我给他关系最好的合作者打过电话并发送了电子邮件，而且收到了对方非常友好的回复。就目前而言，这足够了。”,zh,flores200
此前，铃声 (Ring) 公司 CEO 杰米·西米诺夫曾表示，公司成立之初，他在位于车库的工作室里是听不到门铃响声的。,zh,flores200
西米诺夫说，2013 年他在《创智赢家》节目中露面后，公司的销售额大增，当时节目组拒绝向这家初创公司投资。,zh,flores200
2017 年年末，西米诺夫出现在 QVC 电视销售频道。,zh,flores200
铃声 (Ring) 公司还与竞争对手 ADT 安保公司在一起官司中达成了庭外和解。,zh,flores200
虽然有一种实验性疫苗看似能够降低埃博拉病毒的死亡率，但迄今为止，还没明确证明任何药物适合治疗现有的感染。,zh,flores200
一种名为 ZMapp 的“抗体鸡尾酒”（多抗体联合）最初有望在该领域发挥作用，但正式研究表明，它在预防死亡方面的效果有些不尽人意。,zh,flores200
在 PALM 实验中，ZMapp 用作参照。也就是科学家将其作为基线，把其他三种治疗方法与之作比较。,zh,flores200
美国体操协会对美国奥委会的信函表示支持，并接受奥运会大家庭的严格要求，即为所有运动员营造一个安全的训练环境。,zh,flores200
美国体操协会和美国奥委会有一个共同的目标，那就是尽可能保证体操运动和其他运动的安全性，让运动员在安全、积极和充满支持的环境中追求他们的梦想。,zh,flores200
20 世纪 60 年代，布热津斯基先是为约翰·福特·肯尼迪效力，担任他的顾问，后来又为林登·贝恩斯·约翰逊政府工作。,zh,flores200
在 1976 年总统选举期间，他为卡特提供了对外政策方面的建议，随后在 1977 到 1981 年接替亨利·基辛格担任国家安全顾问 (NSA) 。,zh,flores200
这部由瑞恩·高斯林 (Ryan Gosling) 和艾玛·斯通 (Emma Stone) 主演的电影获得了各大奖项的提名。,zh,flores200
高斯林和斯通分别获得了最佳男主角和最佳女主角的提名。,zh,flores200
该电影的两首歌曲《追梦痴子心》和《星光之城》获得了最佳原创歌曲的提名。狮门影业获得了 26 项提名，比其他任何一家工作室都要多。,zh,flores200
周日晚些时候，美国总统唐纳德·特朗普通过新闻秘书发表声明，宣布美军将撤离叙利亚。,zh,flores200
特朗普与土耳其总统雷杰普·塔伊普·埃尔多安（Recep Tayyip Erdoğan）通话后发表了声明。,zh,flores200
该声明称，土耳其还将接管对被捕的伊斯兰国武装分子的看守任务；欧洲国家拒绝将他们遣送回国。,zh,flores200
这不仅证实了至少有些恐龙有羽毛——这一理论已经广为流传——而且还提供了化石通常无法提供的细节，比如颜色和三维排列。,zh,flores200
科学家表示，这种动物的羽毛顶部为栗棕色，底部为浅色或胡萝卜色。,zh,flores200
这一发现也有助于深入了解鸟类羽毛的进化。,zh,flores200
研究人员认为，尽管这是一只年轻恐龙的尾巴，但样本显示的是成年羽毛，而非雏龙的绒毛。,zh,flores200
昨日上午，土耳其加齐安泰普（Gaziantep）的警察总部发生了一起汽车炸弹爆炸事件，该事件导致两名警察死亡，20 余人受伤。,zh,flores200
警方说他们怀疑一名疑似伊斯兰国 (ISIL) 的武装分子发动了这场袭击。,zh,flores200
他们发现，太阳和其他恒星的运行原理是一样的：星系中所有恒星的活跃度都完全决定于它们的光度和自转。,zh,flores200
一颗恒星的罗斯贝数由其光度和旋度共同决定，与等离子体流有关。,zh,flores200
罗斯贝数越小，恒星在磁场倒转方面就越不活跃。,zh,flores200
他曾被海盗抢劫，在西藏被疯狗袭击，在尼泊尔逃婚，还曾在印度被捕。,zh,flores200
802.11n 标准在 2.4Ghz 和 5.0Ghz 频率上都可运行。,zh,flores200
802.11n 的速度大大快于前代技术，最大理论吞吐量可达 600Mbit/s。,zh,flores200
杜瓦尔已婚，有两个已经成年的孩子，他并没有给故事的讲述者米勒留下太大印象。,zh,flores200
当被要求发表看法时，米勒说：“迈克在听证会上说了很多……我当时正在做准备，所以没听清他在说什么。”,zh,flores200
“到 2020 年之前，我们将努力使单位国内生产总值二氧化碳排放量比 2005 年显著下降，”胡锦涛说。,zh,flores200
他没有设定削减数额，只是表示将根据中国的经济产出来决定数额。,zh,flores200
胡锦涛鼓励发展中国家“不要重走先污染后治理的老路”。,zh,flores200
他补充道，“然而，他们不应该被要求承担超出其发展阶段、责任和能力范围的义务。”,zh,flores200
伊拉克研究小组于格林尼治时间 (GMT) 今天 12 点提交了报告。,zh,flores200
报告警告称，没有人能保证目前在伊拉克采取的任何行动能够阻止宗派战争、不断增长的暴力或走向混乱。,zh,flores200
该报告开篇呼吁美国就中东政策展开公开辩论并形成共识。,zh,flores200
该报告对行政当局目前对伊拉克政策的几乎每一个方面都提出了严厉批评，并敦促立即改变方向。,zh,flores200
在这份报告的 78 项建议中，第一条建议是在今年年底之前采取新的外交行动，目的在于保护伊拉克的边界免受敌对势力的侵害，并与邻国重建外交关系。,zh,flores200
现任参议员、阿根廷第一夫人克里斯蒂娜·费尔南德斯·德·柯克纳 (Cristina Fernandez de Kirchner) 昨晚在距离布宜诺斯艾利斯 50 公里（31英里）的拉普拉塔市 (La Plata) 宣布了其总统竞选资格。,zh,flores200
基什内尔女士在阿根廷大剧院宣布她有意参加总统竞选，2005 年也是在这里，她作为布宜诺斯艾利斯省代表开始竞选参议员。,zh,flores200
这场辩论是因为对卡特里娜飓风后的救济和重建支出有争议而开始的；一些财政保守派幽默地将其称为“布什的新（奥尔良）政”。,zh,flores200
自由派人士对重建工作的批判主要集中在把重建合同授予了视为华盛顿内部人士的这一做法。,zh,flores200
对于在圣彼得广场举行的葬礼，出席者太多了，因此不可能每个人都能进入。,zh,flores200
罗马各地安装了数个大型电视屏幕，供人们观看仪式。,zh,flores200
在意大利很多其他城市以及世界上其他地方，尤其是波兰，都设置了类似的设施，以供大量群众观看。,zh,flores200
历史学家批判了联邦调查局的过往政策，这种政策会把资源集中到容易破获的案件上，尤以偷车案件居多，目的只在于提高该机构的成功破案率。,zh,flores200
国会从 2005 财年开始资助该扫黄倡议，并规定联邦调查局 (FBI) 必须指派 10 名探员专门打击成人色情。,zh,flores200
罗宾·乌萨帕 (Robin Uthappa) 取得了本局的最高分，投出了 11 个四分球和 2 个六分球，仅投出 41 个球便赢得 70 分。,zh,flores200
中局击球手萨钦·坦杜尔卡和拉胡尔·德拉维德表现出色，搭档取得了 100 跑的成绩。,zh,flores200
但在队长输掉三柱门后，印度在结束这一局的比赛时只得了 36 分，输掉 7 个三柱门。,zh,flores200
美国总统乔治·沃克·布什于 11 月 16 日上午抵达新加坡，开始为期一周的亚洲之行。,zh,flores200
他受到了新加坡副总理黄根成的欢迎，并与新加坡总理李显龙探讨了贸易和恐怖主义问题。,zh,flores200
在经过一周的中期选举失利后，布什向听众讲述了亚洲贸易扩张的形势。,zh,flores200
周二，总理斯蒂芬·哈珀（ Stephen Harper ）在其办公室与新民主党党魁杰克·林顿（ Jack Layton ）举行 25 分钟的会议后，已经同意将政府的《清洁空气法》送交一个多党委员会审查，然后再进行二读。,zh,flores200
“莱顿 (Layton) 在与首相会面期间要求修改保守党的环境法案，他要求‘彻底重写’保守党的环境法案。”,zh,flores200
自从联邦政府介入接管塔斯马尼亚州德文波特的默西医院的资金后，州政府和一些联邦议员批评此举是 11 月联邦大选前的噱头。,zh,flores200
但澳大利亚总理约翰•霍华德 (John Howard) 表示，该法案只是为了通过额外拨付 4500 万澳元来防止医院设施被塔斯马尼亚政府降级。,zh,flores200
最新公报显示，海平面的读数表明已经发生过海啸。帕果帕果和纽埃岛附近确切记录了海啸活动的发生。,zh,flores200
汤加 (Tonga) 没有重大损失或人员伤亡报告，但电力暂时中断。据报道，停电让汤加当局无法收到太平洋海啸警报中心 (PTWC) 发出的海啸警报。,zh,flores200
尽管警报已解除，坐落于夏威夷海岸线或附近的 14 所学校在整个周三都关闭了。,zh,flores200
美国总统乔治·沃克·布什对这一公告表示支持。,zh,flores200
"""布什政府发言人戈登·约翰德罗 (Gordon Johndroe) 称朝鲜的承诺是""朝着实现朝鲜半岛可核查的无核化目标迈出的重要一步""。""",zh,flores200
亚热带风暴杰瑞 (Jerry) 今天在大西洋形成，这是大西洋飓风季节中第十个被命名的风暴。,zh,flores200
国家飓风中心 (NHC) 表示，目前“杰瑞”对陆地没有威胁。,zh,flores200
美国陆军工兵部队估计，6 英寸的降雨量就可能冲垮之前损坏的堤坝。,zh,flores200
“卡特里娜”飓风来袭时，第九区洪水水位一度高达 20 英尺，由于附近的防洪堤已经被淹没，目前水位已达齐腰深度。,zh,flores200
在一处 100 英尺宽的河段，水即将溢出堤坝。,zh,flores200
共享资源管理员亚当·库尔登 (Adam Cuerden) 上个月在接受维基新闻 (Wikinews) 采访时表达了他对删除相关内容的不满。,zh,flores200
“说穿了，他[威尔斯]从一开始就对我们撒谎。首先，他表现得好像是出于法律原因才这么做。其次，他先是假装听取我们的意见，然后直接删除了这些艺术作品。”,zh,flores200
由于民愤，目前正在针对该网站的性内容起草相关政策。该网站拥有数百万个获得公共传播许可的媒体。,zh,flores200
完成的工作大多是理论性的，但编写程序的目的，是为了模拟对人马座星系的观测。,zh,flores200
该团队正在寻找的效应可能是由星系暗物质和银河系暗物质之间的潮汐力引起的。,zh,flores200
就像月球对地球施加拉力，引起潮汐一样，银河系也对人马座星系施加着作用力。,zh,flores200
科学家们可以得出结论，暗物质对其他暗物质的影响方式与普通物质相同。,zh,flores200
该理论认为，一个星系周围的大多数暗物质都处在星系周围的某种光环中，由许多小粒子组成。,zh,flores200
当地政府警告核电站附近的居民，要待在室内，关掉空调，不要喝自来水。,zh,flores200
日本原子能机构表示，核电站检测出了放射性物质铯和碘。,zh,flores200
有关部门推测，这表明现场储存铀燃料的容器可能已经破裂，并且正在泄漏。,zh,flores200
托尼·莫尔博士在南非夸祖鲁-纳塔尔省发现了这种广泛耐药结核病 (XDR-TB)。,zh,flores200
他在一次采访中表示，这个新变种“非常令人不安和担忧，因为它的致死率非常高。”,zh,flores200
莫尔 (Moll) 博士认为，有些病人可能是在医院感染了病菌，而且至少有两名病人是医院的医护人员。,zh,flores200
一年内，一个感染者可能会感染 10 至 15 名密切接触者。,zh,flores200
然而，广泛耐药结核病在整个结核病患者群体中所占的比例似乎仍然很低；在南非，在任意特定时刻，总计 33 万人中只有 6000 人感染。,zh,flores200
"这两颗都超过 1,000 磅的卫星以每小时 17,500 英里的速度飞行，在距离地球 491 英里的上空相撞。",zh,flores200
科学家表示，这次碰撞引起的爆炸规模巨大。,zh,flores200
他们仍在努力确定这次撞击的规模以及对地球的影响。,zh,flores200
俄亥俄州当局表示，因星期三于一名医生的汽车后备箱中发现其母尸体，这位在宾夕法尼亚州匹兹堡儿童医院工作的医生将面临情节严重的谋杀罪指控。,zh,flores200
29 岁的 Malar Balasubramanian 医生在俄亥俄州辛辛那提市以北约 15 英里的郊区布鲁艾施被发现，她被找到时身穿 T 恤衫和内裤，躺在路边的地上，看上去服用了大量药物。,zh,flores200
她向军官们指示往她的黑色奥兹莫比尔“激情”轿车查看，这辆车停在 500 英尺远的地方。,zh,flores200
Сегодня погода очень,ru,original
Я хотел бы рассказать вам о,ru,original
"Учёные обнаружили, что",ru,original
Самое важное в жизни — это,ru,original
Однажды жил-был,ru,original
"""Теперь у нас есть четырёхмесячные мыши, у которых больше нет диабета"", — добавил он.",ru,flores200
"Согласно предупреждению доктора Эхуда Ура (Ehud Ur), профессора медицины в Университете Дэлхаузи в Галифаксе (Новая Шотландия) и председателя клинико-научного отдела Канадской диабетической ассоциации, исследования все еще находятся на начальной стадии.",ru,flores200
"Как и некоторые другие эксперты, он сомневается, что диабет излечим, отмечая, что эти открытия не относятся к людям, у которых уже развился диабет 1 типа.",ru,flores200
"Даниус заявил: ""Сейчас мы ничего не делаем. Я звонил и отправлял электронные письма его ближайшему сотруднику и получал очень дружелюбные ответы. На данный момент этого, конечно, достаточно"".",ru,flores200
"Ранее генеральный директор Ring Джейми Симинофф отметил, что эта компания началась с того, что он не слышал дверного звонка в мастерской своего гаража.",ru,flores200
"Симинофф сказал, что продажи выросли после его появления в выпуске шоу ""Shark Tank"" в 2013 году, где члены жюри отказались финансировать его стартап.",ru,flores200
В конце 2017 года Симинофф появился на торговом телеканале QVC.,ru,flores200
"Кроме того, Ring урегулировала судебный процесс с конкурентами, охранной фирмой ADT Corporation.",ru,flores200
"Несмотря на то, что нашлась экспериментальная вакцина, способная снизить смертность от вируса Эбола, пока еще ни одно лекарство не продемонстрировало явного эффекта в лечении существующей инфекции.",ru,flores200
"Коктейль из антител ZMapp изначально показал многообещающие результаты в этой области, но официальные исследования показали, что он обладает меньшей пользой в предотвращении смерти, чем ожидалось ранее.",ru,flores200
"В испытании PALM, ZMapp служил в качестве контрольного уровня, то есть учёные использовали его в качестве основы и сравнили с ним три других варианта лечения.",ru,flores200
Федерация гимнастики США поддерживает письмо Олимпийского комитета США и соглашается с абсолютной необходимостью создания безопасной среды для всех наших спортсменов.,ru,flores200
"Федерация гимнастики США и Олимпийский комитет США имеют одинаковую цель — сделать гимнастику и другие виды спорта настолько безопасными для спортсменов, насколько это возможно, чтобы они могли стремиться к своим целям в безопасной, позитивной среде и были наделены всеми правами.",ru,flores200
"В 1960-х гг. Бжезинский занимал должность советника при Джоне Ф. Кеннеди, затем в администрации Линдона Б. Джонсона.",ru,flores200
"Во время выборов 1976 года он консультировал Картера по вопросам внешней политики. Затем с 1977 по 1981 год он работал советником по национальной безопасности, сменив на этом посту Генри Киссинджера.",ru,flores200
Этот фильм с участием Райана Гослинга и Эммы Стоун получил номинации во всех главных категориях.,ru,flores200
Гослинг и Стоун получили номинации на лучшего актера и актрису соответственно.,ru,flores200
"Две песни из фильма — Audition (The Fools Who Dream) и City of Stars, попали в номинацию лучшая авторская песня. Студия Lionsgate попала в 26 номинаций — больше, чем любая другая студия.",ru,flores200
"Поздно вечером в воскресенье президент США Дональд Трамп через пресс-секретаря заявил, что войска США покинут Сирию.",ru,flores200
"Заявление было сделано после того, как Трамп провел телефонный разговор с президентом Турции Реджепом Тайипом Эрдоганом.",ru,flores200
"Кроме того, Турция займет главную роль в вопросе охраны пойманных боевиков ИГИЛ, которых, согласно заявлению, европейские государства не согласились возвращать домой.",ru,flores200
"Это не только подтверждает, что, по крайней мере, у некоторых динозавров были перья, что является уже широко распространённой теорией, но и предоставляет детали, которые обычно нельзя получить из окаменелых остатков, такие как цвет и трехмерную структуру.",ru,flores200
"Учёные говорят, что оперение этого животного было сверху каштаново-коричневого цвета, а снизу — либо бледным, либо имело каротиноидную пигментацию.",ru,flores200
Находка также позволяет ознакомиться с эволюцией перьев у птиц.,ru,flores200
"Исследователи предположили, что, несмотря на то, что это хвост молодого динозавра, данный образец имеет оперение взрослой особи, а не пух цыплёнка.",ru,flores200
"Вчера утром возле главного полицейского управления Газиантепа (Турция) был подорван автомобиль, в результате чего погибли 2 полицейских и еще более 20 человек получили ранения.",ru,flores200
"Полиция заявила, что в совершении нападения подозревается предполагаемый боевик ДАИШ (ИГИЛ).",ru,flores200
"Они обнаружили, что Солнце работает по тем же основным принципам, что и другие звёзды: было установлено, что активность всех звёзд в системе определяется их яркостью, вращением и ничем другим.",ru,flores200
"Совокупность светимости и вращения используется для определения числа Россби звезды, связанного с потоком плазмы.",ru,flores200
"Чем меньше число Россби, тем менее активна звезда по отношению к инверсиям магнитного поля.",ru,flores200
"Он был ограблен пиратами, атакован бешеной собакой в Тибете, избежал свадьбы в Непале и был арестован в Индии.",ru,flores200
Стандарт 802.11n работает на обоих частотах – 2.4 ГГц и 5.0 ГГц.,ru,flores200
"Скорости 802.11n значительно быстрее, чем у его предшественников с максимальной теоретической пропускной способностью в 600 Мбит/с.",ru,flores200
"Дюваль, который женат и имеет двух совершеннолетних детей, не произвел большого впечатления на Миллера, которому рассказали эту историю.",ru,flores200
"Когда у Миллера попросили комментарий, он сказал: ""Майк много говорит во время слушаний... Я готовился, поэтому особо не слушал, что он говорил"".",ru,flores200
"""Мы будем предпринимать усилия с целью значительного сокращения выбросов углекислого газа на единицу ВВП к 2020 году по сравнению с уровнем 2005 года"", — сказал Ху.",ru,flores200
"Он не назвал цифру для сокращений бюджетов, сказав, что они будут сделаны исходя из производительности экономики Китая.",ru,flores200
"Ху призывал развивающиеся страны ""избегать старой схемы, в которой сначала загрязняют, а потом очищают"".",ru,flores200
"Он добавил, что ""их, однако, не следует просить брать на себя обязательства, которые выходят за рамки их стадии разработки, ответственности и возможностей"".",ru,flores200
Сегодня в 12:00 по Гринвичу группа по изучению Ирака представила свой доклад.,ru,flores200
"Он предупреждает: ""Никто не может гарантировать, что какой-либо план действий в Ираке в текущей ситуации сможет остановить религиозную войну, растущее насилие или надвигающийся хаос"".",ru,flores200
Доклад открывается призывом к проведению открытых обсуждений и формированию консенсуса в Соединённых Штатах насчёт политики в отношении Ближнего Востока.,ru,flores200
В докладе содержится резкая критика почти каждого аспекта нынешней политики исполнительной власти в отношении Ирака и настоятельный призыв к незамедлительной смене курса.,ru,flores200
"Первой среди 78 рекомендаций является то, что следует реализовать новую дипломатическую инициативу до конца этого года для укрепления иракских границ, чтобы не допустить враждебного вмешательства, а также для возобновления дипломатических отношений с соседями.",ru,flores200
"Нынешняя сенатор и Первая леди Аргентины Кристина Фернандес де Киршнер анонсировала выдвижение своей кандидатуры на пост президента вчера вечером в Ла-Плате, городе в 50 километрах (31 милях) от Буэнос-Айреса.",ru,flores200
"Г-жа Киршнер объявила о своём намерении баллотироваться на пост президента в Аргентинском театре, в том же месте, где она начала свою предвыборную кампанию в Сенат в 2005 году в качестве члена делегации провинции Буэнос-Айрес.",ru,flores200
"Причиной дебатов стали разногласия относительно затрат на оказание материальной поддержки и восстановление зданий после урагана Катрина, который некоторые фискальные консерваторы в шутку назвали ""новоорлеанской сделкой Буша"".",ru,flores200
"Либеральная критика усилий по восстановлению сосредоточивалась на том, что контракты на восстановительные работы отдавались предположительно имеющим связи с правительством.",ru,flores200
"Количество присутствующих было настолько велико, что не все смогли попасть на площадь Святого Петра, где проходили похороны.",ru,flores200
"В различных местах Рима были установлены большие телевизионные экраны, с помощью которых люди могли наблюдать за церемонией.",ru,flores200
"Подобные площадки, которые посетило большое количество людей, были организованы во многих других городах Италии и в остальном мире, в частности в Польше.",ru,flores200
"Историки критикуют прошлую политику ФБР за то, что выделяла большую часть ресурсов на дела, которые легко раскрываются, особенно на дела об угоне автомобилей, с целью повышения уровня успешности работы агентства.",ru,flores200
"Конгресс начал финансировать инициативу по борьбе с развратом в 2005 налоговом году и определил, что ФБР должно выделить 10 агентов на борьбу со взрослой порнографией.",ru,flores200
"Робин Утхаппа  набрал рекордное количество очков в иннинге: 70 ранов за всего 41 подачу, отбил 11 четвёрок и 2 шестёрки.",ru,flores200
Отбивающие мячи среднего звена Сачин Тендулкар и Рахул Дравид хорошо выступили и заработали в тандеме результат в сто баллов.,ru,flores200
"Однако после потери калитки капитана Индия совершила лишь 36 пробегов, потеряв 7 калиток для завершения иннингсов.",ru,flores200
"Президент США Джордж Буш прибыл в Сингапур утром 16 ноября, начав свой недельный тур по Азии.",ru,flores200
Его приветствовал заместитель премьер-министра Сингапура Вонг Кан Сенг. Затем он обсудил вопросы торговли и терроризма с премьер-министром Сингапура Ли Сянь Луном.,ru,flores200
"Спустя неделю после поражений на промежуточных выборах, Буш сообщил публике о расширении торговли с Азией.",ru,flores200
"Премьер-министр Стивен Харпер согласился отослать ""Закон о чистом воздухе"" на рассмотрение общепартийного комитета до второго чтения. Этому предшествовала 25-минутная встреча с лидером НДП Джеком Лейтоном в ОУП во вторник.",ru,flores200
"На встрече с премьер-министром Лейтон попросил внести изменения и ""полностью переписать"" экологический законопроект Консервативной партии.",ru,flores200
"С тех пор, как федеральное правительство вмешалось и взяло на себя финансирование госпиталя Мерси в Девонпарте (Тасмания), правительство штата и некоторые члены федерального парламента критиковали эту акцию как уловку в преддверии федеральных выборов, которые должны пройти в ноябре.",ru,flores200
"Но премьер-министр Джон Ховард заявил, что это было сделано лишь для защиты больницы от снижения финансирования правительством Тасмании с помощью выделения дополнительных 45 миллионов австралийских долларов.",ru,flores200
"Согласно последней сводке, данные наблюдений за уровнем моря указывали на приближение цунами. Явная сейсмическая активность была зарегистрирована возле Паго-Паго и Ниуэ.",ru,flores200
"Из Тонга не поступило сообщений о серьезных разрушениях или о пострадавших, но произошло временное отключение электроснабжения, что, по имеющимся данным, не позволило властям Тонга получить предупреждение о цунами, посланное Тихоокеанским центром предупреждения о цунами (PTWC).",ru,flores200
"Четырнадцать школ на Гавайях, расположенных на побережье или вблизи него, были закрыты в среду, несмотря на отмену предупреждений.",ru,flores200
Президент США Джордж Буш приветствовал это заявление.,ru,flores200
"Представитель Буша Гордон Джондро назвал обещание Северной Кореи ""большим шагом на пути к цели по достижению поддающегося проверке ядерного разоружения Корейского полуострова"".",ru,flores200
"Сегодня в Атлантическом океане сформировался субтропический циклон Джерри, это десятый получивший имя циклон в этом сезоне ураганов а Атлантике.",ru,flores200
"Согласно Национальному ураганному центру, на данный момент Джерри не представляет никакой угрозы на суше.",ru,flores200
"По оценке начальника Инженерных войск США, 6 дюймов дождевых осадков могли прорвать поврежденные ранее дамбы.",ru,flores200
"Девятый административный район, затопленный на 20 футов во время урагана Катрина, сейчас по пояс залит водой, поскольку дамба, находящаяся неподалеку, оказалась недостаточно высокой, чтобы удержать воду.",ru,flores200
Вода выливается за плотину на отрезке шириной 100 футов.,ru,flores200
Администратор Commons Адам Керден выразил своё разочарование в связи с удалениями в своем разговоре  в прошлом месяце с Wikinews.,ru,flores200
"""Он [Уэльс] по сути лгал нам с самого начала. Во-первых, действуя так, как будто это нужно было сделать по юридическим причинам. Во-вторых, делая вид, что слушает нас вплоть до своего удаления изображений.""",ru,flores200
"Раздражение общественности привело к тому, что в настоящее время предпринимаются меры по разработке регламента относительно контента сексуального характера для данного сайта, на котором размещены миллионы медиаматериалов с открытой лицензией.",ru,flores200
"Проведенная работа была в основном теоретической, но программа была написана для имитации наблюдений галактики в Стрельце.",ru,flores200
"Эффект, который искала команда, может быть вызван приливными силами между тёмной материей галактики и тёмной материей Млечного Пути.",ru,flores200
"Так же, как Луна притягивает Землю, при этом вызывая приливы, так и Млечный Путь воздействует на галактику в Стрельце.",ru,flores200
"Ученые смогли сделать вывод, что темная материя воздействует на другую темную материю так же, как и в случае с обычной материей.",ru,flores200
"Согласно этой теории, значительная часть темной материи вокруг Галактики располагается в виде ореола и состоит из большого количества мелких частиц.",ru,flores200
"Местные власти предупреждают жителей, проживающих поблизости от станции, о необходимости оставаться в помещениях, выключить кондиционеры и не пить воду из-под крана.",ru,flores200
"Согласно ядерному управлению Японии, на заводе были обнаружены радиоактивный цезий и йод.",ru,flores200
"Власти предполагают, что это указывает на возможную пробоину и утечку в находящихся на объекте контейнерах с урановым топливом.",ru,flores200
В ходе исследований в южноафриканском регионе Квазулу-Натал доктору Тони Моллу (Tony Moll ) удалось обнаружить туберкулез с исключительно высокой устойчивостью к лекарствам (XDR-TB).,ru,flores200
"В интервью он сказал, что новый штамм ""вызывает очень большие опасения, так как он приводит к очень высокому уровню смертности"".",ru,flores200
"Некоторые пациенты могли заразиться в больнице, думает доктор Молл, и по крайней мере двое были работниками здравоохранения в больнице.",ru,flores200
За один год инфицированный человек может заразить от 10 до 15 человек при близком контакте.,ru,flores200
"Однако, процент людей с туберкулёзом с множественной лекарственной устойчивостью в целой группе больных туберкулезом все еще кажется низким; 6000 от общего числа 330 000 зараженных в данный конкретный момент в ЮАР.",ru,flores200
"Спутники, каждый из которых был тяжелее 1 000 фунтов и перемещался со скоростью приблизительно 17 500 миль в час, столкнулись на высоте 491 мили над поверхностью Земли.",ru,flores200
"Учёные говорят, что взрыв, вызванный столкновением, был очень мощным.",ru,flores200
"Они по-прежнему стараются определить, насколько большим было столкновение и как пострадает Земля.",ru,flores200
"Обвинение в убийстве при отягчающих обстоятельствах будет предъявлено врачу, которая работала в Детской больнице Питтсбурга, Пенсильвания, после того как в среду ее мать нашли мертвой в багажнике ее автомобиля, сообщают власти Огайо.",ru,flores200
"Доктора Малар Баласубраманиан, 29 лет, нашли в Блю-Эше (штат Огайо), пригороде примерно в 15 милях к северу от Цинциннати. Он лежал на земле рядом с дорогой в футболке и нижнем белье и, по-видимому, в состоянии сильного наркотического опьянения.",ru,flores200
"Она отправила офицеров в свой чёрный Олдсмобиль Интрига, который находился в 500 футах.",ru,flores200
