prompt_id,language,source,n_target_tokens,n_nearby_tokens,attention_status,n_reply_tokens_for_attention,last_prompt_h0_target_mass,last_prompt_h1_target_mass,last_prompt_h2_target_mass,last_prompt_h3_target_mass,last_prompt_h3_nearby_mass,early_reply_h0_target_mass,early_reply_h1_target_mass,early_reply_h2_target_mass,early_reply_h3_target_mass,early_reply_h3_nearby_mass,later_reply_h0_target_mass,later_reply_h1_target_mass,later_reply_h2_target_mass,later_reply_h3_target_mass,later_reply_h3_nearby_mass
0,es,complex_prompts,1,1,ok,32,0.003668366000056267,0.018031669780611992,0.011342279613018036,0.10263284295797348,0.005573195405304432,0.004109081346541643,0.00511656841263175,0.051616962999105453,0.03724076971411705,0.002559817396104336,0.0075842998921871185,0.02472492679953575,0.06817804276943207,0.03406364098191261,0.00511662382632494
1,it,okapi,1,1,ok,32,0.02547324448823929,0.13014747202396393,0.08396663516759872,0.1698911190032959,0.00959288701415062,0.014133592136204243,0.09480160474777222,0.14427244663238525,0.06593111157417297,0.007819275371730328,0.008354435674846172,0.02188846468925476,0.0791420042514801,0.03789675980806351,0.0035207155160605907
2,fr,complex_prompts,1,1,ok,32,0.03380358964204788,0.2084561437368393,0.08002420514822006,0.1211959570646286,0.006779641844332218,0.012948326766490936,0.021020088344812393,0.05410829558968544,0.042882584035396576,0.0025401217862963676,0.008080092258751392,0.012389453127980232,0.01706862449645996,0.03277247026562691,0.0019681898411363363
3,it,okapi,1,1,ok,32,0.008441356010735035,0.048819400370121,0.02224842458963394,0.06134502589702606,0.01132715679705143,0.0037144527304917574,0.0069749257527291775,0.029482288286089897,0.025672370567917824,0.00838298536837101,0.0017204686300829053,0.03128894418478012,0.09441777318716049,0.018635952845215797,0.012229904532432556
4,es,sharegpt,1,1,ok,32,0.05089162290096283,0.1225787103176117,0.12353523820638657,0.18721769750118256,0.006898152641952038,0.040022410452365875,0.01795290969312191,0.05135767161846161,0.12673135101795197,0.0016742818988859653,0.012270201928913593,0.008756696246564388,0.009340615011751652,0.07216831296682358,0.0009281069505959749
5,it,okapi,1,1,ok,32,0.019909275695681572,0.08044172078371048,0.048209547996520996,0.15954940021038055,0.009169320575892925,0.013150755316019058,0.023630736395716667,0.07442260533571243,0.06101450324058533,0.005271981470286846,0.0063066729344427586,0.02164919488132,0.03921385109424591,0.038763221353292465,0.0031056595034897327
6,de,sharegpt,1,1,ok,32,0.0374806672334671,0.09498166292905807,0.13711872696876526,0.11029840260744095,0.0037275853101164103,0.01229142677038908,0.01822245679795742,0.09712330996990204,0.048530783504247665,0.001333140884526074,0.007988572120666504,0.025134319439530373,0.03812665119767189,0.030339619144797325,0.000718770083039999
7,it,sharegpt,1,1,ok,32,0.0588860921561718,0.10318486392498016,0.16108651459217072,0.14882710576057434,0.008530404418706894,0.016824137419462204,0.010376669466495514,0.006787440739572048,0.06406423449516296,0.0010986265260726213,0.013720163144171238,0.006554252468049526,0.005159699358046055,0.04671381041407585,0.0011125674936920404
8,fr,sharegpt,1,1,ok,32,0.02150345966219902,0.043113164603710175,0.053022850304841995,0.12921671569347382,0.022688092663884163,0.014982584863901138,0.026798084378242493,0.07595369964838028,0.09708371758460999,0.01435146015137434,0.012049934826791286,0.021883247420191765,0.08063635975122452,0.05709189176559448,0.00999156478792429
9,de,okapi,1,1,ok,32,0.027908461168408394,0.20102252066135406,0.1388775259256363,0.20498597621917725,0.011196861043572426,0.00812528282403946,0.023558160290122032,0.1493772268295288,0.07428988814353943,0.008909960277378559,0.009630106389522552,0.056386981159448624,0.10144013911485672,0.05773366242647171,0.00598493404686451
10,es,complex_prompts,1,1,ok,32,0.02978553995490074,0.08103570342063904,0.10304982215166092,0.17899344861507416,0.006446228828281164,0.015331342816352844,0.015230601653456688,0.09836551547050476,0.08252851665019989,0.0030487938784062862,0.017915118485689163,0.028429819270968437,0.042644698172807693,0.07266297936439514,0.0020387775730341673
11,fr,sharegpt,1,1,ok,32,0.06329141557216644,0.16979354619979858,0.17386369407176971,0.16091865301132202,0.007292178459465504,0.0401972234249115,0.03364357352256775,0.07823637127876282,0.10528460890054703,0.0014793730806559324,0.015749508515000343,0.017966151237487793,0.023049162700772285,0.04710230231285095,0.0009960031602531672
12,es,sharegpt,1,1,ok,32,0.019102608785033226,0.07890985161066055,0.14038300514221191,0.09507475048303604,0.00875803641974926,0.00872392300516367,0.03533168137073517,0.13638874888420105,0.052823036909103394,0.004881300963461399,0.012464556843042374,0.02167319320142269,0.0352981761097908,0.04971710965037346,0.002935073571279645
13,fr,sharegpt,1,1,ok,32,0.016863057389855385,0.07017830014228821,0.07213810831308365,0.1060834527015686,0.0049161119386553764,0.012096909806132317,0.013931442983448505,0.09504586458206177,0.06612956523895264,0.0015380980912595987,0.0053348233923316,0.03380218893289566,0.06639182567596436,0.03125367313623428,0.0010561447124928236
14,de,complex_prompts,1,1,ok,32,0.016990385949611664,0.09261151403188705,0.009830782189965248,0.0614154115319252,0.0018731161253526807,0.005792350508272648,0.013892695307731628,0.00927300751209259,0.031957514584064484,0.00024323354591615498,0.006568713113665581,0.00761372921988368,0.0046823471784591675,0.0502394400537014,7.385823846561834e-05
15,es,complex_prompts,1,1,ok,32,0.00999775156378746,0.04744276404380798,0.06071488559246063,0.12975014746189117,0.00434629712253809,0.0031813299283385277,0.008398117497563362,0.06277552247047424,0.035129614174366,0.0018918539863079786,0.010440586134791374,0.02015625685453415,0.02907928265631199,0.059457287192344666,0.0015235504833981395
16,es,sharegpt,1,1,ok,32,0.021484557539224625,0.11375387758016586,0.1657073199748993,0.15165552496910095,0.006886881310492754,0.013086128979921341,0.018389254808425903,0.14509493112564087,0.07211267948150635,0.002081505488604307,0.0217291172593832,0.031824588775634766,0.05200466886162758,0.06479614228010178,0.0011513613862916827
17,es,okapi,1,1,ok,32,0.009998660534620285,0.09387968480587006,0.056463032960891724,0.14987578988075256,0.011621681973338127,0.008866282179951668,0.021328700706362724,0.09073853492736816,0.06487921625375748,0.00844830647110939,0.007265558000653982,0.025813573971390724,0.053093019872903824,0.04188105836510658,0.004542148672044277
18,it,complex_prompts,1,1,ok,32,0.025560088455677032,0.02557898871600628,0.0019664557185024023,0.0532676987349987,0.008273256942629814,0.0072258287109434605,0.006754244212061167,0.004826572258025408,0.03086867183446884,0.002105184830725193,0.006354210898280144,0.004088195972144604,0.007879774086177349,0.025927836075425148,0.0019905504304915667
19,es,okapi,1,1,ok,32,0.008954248391091824,0.03939931467175484,0.0700690969824791,0.0994160994887352,0.016241516917943954,0.010721597820520401,0.02157018706202507,0.09370069205760956,0.05935387313365936,0.008403852581977844,0.011413918808102608,0.03625969961285591,0.053819987922906876,0.03954564407467842,0.004554679151624441
20,de,sharegpt,1,1,ok,32,0.033739350736141205,0.14570432901382446,0.11331109702587128,0.16061866283416748,0.010334077291190624,0.023535311222076416,0.07174380123615265,0.1756284534931183,0.0879896730184555,0.006818604655563831,0.008711467497050762,0.02960890345275402,0.05641360953450203,0.044559676200151443,0.003299101023003459
21,es,complex_prompts,1,1,ok,32,0.00906141847372055,0.00704337190836668,0.007600598502904177,0.01653132401406765,0.0017357108881697059,0.003470940748229623,0.010695046745240688,0.010003119707107544,0.009111056104302406,0.0010570997837930918,0.0022854143753647804,0.008471713401377201,0.006598060484975576,0.0048888204619288445,0.000738790666218847
22,de,sharegpt,1,1,ok,32,0.028298981487751007,0.1494854986667633,0.11774265021085739,0.15177705883979797,0.00582642387598753,0.01636650040745735,0.026563916355371475,0.12176892161369324,0.08446305990219116,0.0023807210382074118,0.027975089848041534,0.031047387048602104,0.06562947481870651,0.07438034564256668,0.0015029098140075803
23,it,sharegpt,1,1,ok,32,0.04834124818444252,0.11239345371723175,0.11859343945980072,0.21186693012714386,0.011145172640681267,0.037196896970272064,0.023284588009119034,0.08871741592884064,0.12507273256778717,0.002700935583561659,0.01911885477602482,0.01258141454309225,0.007194172125309706,0.0724715143442154,0.0011789097916334867
24,fr,sharegpt,1,1,ok,32,0.04272521659731865,0.16287212073802948,0.17256329953670502,0.12086839228868484,0.003971066791564226,0.012946843169629574,0.022613737732172012,0.1404125988483429,0.06003681570291519,0.001824728213250637,0.00905567966401577,0.033290795981884,0.04983874037861824,0.037093840539455414,0.0009288536966778338
25,it,sharegpt,1,1,ok,32,0.027519354596734047,0.07254327833652496,0.03117995709180832,0.19728077948093414,0.011774905025959015,0.020697832107543945,0.01537234429270029,0.09233559668064117,0.10067275911569595,0.0032407203689217567,0.012079204432666302,0.03135170042514801,0.0676359236240387,0.05195378139615059,0.0025540711358189583
26,es,okapi,1,1,ok,32,0.011138261295855045,0.09053013473749161,0.05234581232070923,0.13256539404392242,0.01672755368053913,0.011217568069696426,0.02552168071269989,0.08470135927200317,0.06430041044950485,0.012145999819040298,0.008957332000136375,0.016857750713825226,0.040340323001146317,0.041824087500572205,0.0065680211409926414
27,de,sharegpt,1,1,ok,32,0.012998166494071484,0.08037501573562622,0.03422793745994568,0.13193218410015106,0.01483850833028555,0.019394125789403915,0.02035457082092762,0.1114814430475235,0.08893302083015442,0.003832107875496149,0.015292422845959663,0.014650179073214531,0.040882550179958344,0.07857614010572433,0.0019640678074210882
28,es,complex_prompts,1,1,ok,32,0.025680487975478172,0.14832818508148193,0.062496285885572433,0.07924589514732361,0.0014764952939003706,0.007040312048047781,0.013835223391652107,0.06788274645805359,0.035450734198093414,0.0009214149904437363,0.010876682586967945,0.009552150033414364,0.016979126259684563,0.029141610488295555,0.0006376738310791552
29,de,sharegpt,1,1,ok,32,0.03502644598484039,0.13053882122039795,0.13393889367580414,0.2193998098373413,0.010752277448773384,0.021530508995056152,0.040651340037584305,0.19608250260353088,0.09369125962257385,0.007077422924339771,0.024729423224925995,0.05260418727993965,0.09536208212375641,0.09296520054340363,0.004203791730105877
30,fr,okapi,1,1,ok,32,0.019229713827371597,0.10291175544261932,0.07531102746725082,0.16176356375217438,0.008163395337760448,0.015138410963118076,0.034724052995443344,0.16437529027462006,0.08804282546043396,0.006382606457918882,0.008113536052405834,0.044507768005132675,0.13141979277133942,0.05480882525444031,0.003503041574731469
31,es,complex_prompts,1,1,ok,32,0.016781900078058243,0.028079966083168983,0.03662138432264328,0.13797321915626526,0.004693780560046434,0.005441092420369387,0.00549932848662138,0.07255468517541885,0.06200900301337242,0.004878541454672813,0.010267882607877254,0.03375205397605896,0.07076480239629745,0.06495260447263718,0.003360670292750001
32,es,complex_prompts,1,1,ok,32,0.025635594502091408,0.054354846477508545,0.014278952032327652,0.13146963715553284,0.001997315092012286,0.009520580992102623,0.018622152507305145,0.049510031938552856,0.04137405380606651,0.0009840020211413503,0.006474487483501434,0.007733344100415707,0.00553935905918479,0.03345028683543205,0.00044281902955845
33,de,okapi,1,1,ok,32,0.015197969041764736,0.14980770647525787,0.084310382604599,0.18210327625274658,0.004888368770480156,0.014534588903188705,0.05299994349479675,0.15768498182296753,0.0826292559504509,0.0037042563781142235,0.010836702771484852,0.01946498453617096,0.06277625262737274,0.05382462218403816,0.0021033394150435925
34,it,complex_prompts,1,1,ok,32,0.038053449243307114,0.053742896765470505,0.040653496980667114,0.10217279940843582,0.004432522691786289,0.016619332134723663,0.012388966046273708,0.02218569815158844,0.042744219303131104,0.0020758549217134714,0.023862777277827263,0.009971105493605137,0.006594159174710512,0.04111887887120247,0.0007010999834164977
35,fr,sharegpt,1,1,ok,32,0.050920840352773666,0.17482896149158478,0.07578366249799728,0.1867980808019638,0.007486805785447359,0.07073219120502472,0.02948610484600067,0.07267878949642181,0.20214182138442993,0.0014562307624146342,0.015381021425127983,0.01348748430609703,0.016152488067746162,0.06998986750841141,0.0015718800714239478
36,de,complex_prompts,1,1,ok,32,0.01772650144994259,0.12043383717536926,0.04168699309229851,0.22124335169792175,0.003822915256023407,0.007692317478358746,0.004561383277177811,0.023593254387378693,0.08282699435949326,0.0008198261493816972,0.011451229453086853,0.006892907898873091,0.01009480468928814,0.07116895169019699,0.00043002062011510134
37,fr,okapi,1,1,ok,32,0.03467416390776634,0.05919063091278076,0.052665118128061295,0.17075350880622864,0.00951225683093071,0.008985592052340508,0.014612527564167976,0.055018119513988495,0.06777592748403549,0.004138377495110035,0.008197404444217682,0.02336626686155796,0.04095039144158363,0.044109318405389786,0.0023811282590031624
38,es,complex_prompts,1,1,ok,32,0.017989255487918854,0.05753425881266594,0.008359245024621487,0.13572168350219727,0.003597536124289036,0.005703076254576445,0.01743384078145027,0.03429055213928223,0.035165052860975266,0.0018871668726205826,0.004700378514826298,0.009442627429962158,0.009138832800090313,0.029439661651849747,0.0009380423580296338
39,it,okapi,1,1,ok,32,0.031137797981500626,0.08721385151147842,0.04712197557091713,0.1778419464826584,0.008183931931853294,0.015798069536685944,0.011344639584422112,0.10308624804019928,0.069709911942482,0.00600083451718092,0.011661520227789879,0.041209783405065536,0.09652556478977203,0.060141704976558685,0.006462712772190571
40,de,okapi,1,1,ok,32,0.01183868758380413,0.07177658379077911,0.035912759602069855,0.1903994232416153,0.006777043920010328,0.021394068375229836,0.025740882381796837,0.10927428305149078,0.0996285080909729,0.004983318038284779,0.011603056453168392,0.021873950958251953,0.07520215958356857,0.05854875221848488,0.0028529188130050898
41,it,sharegpt,1,1,ok,32,0.010807929560542107,0.0382065586745739,0.010731486603617668,0.07286614179611206,0.009360479190945625,0.006655697710812092,0.010150885209441185,0.030430058017373085,0.03813827782869339,0.003713614074513316,0.003651120699942112,0.006959809456020594,0.011834666132926941,0.026502562686800957,0.0025837579742074013
42,es,sharegpt,1,1,ok,32,0.0197901614010334,0.07285294681787491,0.0730537548661232,0.13892394304275513,0.012410960160195827,0.014773744158446789,0.015251664444804192,0.07045397162437439,0.06945832818746567,0.0032379007898271084,0.009848368354141712,0.027262965217232704,0.023368345573544502,0.045543402433395386,0.0010971258161589503
43,fr,sharegpt,1,1,ok,32,0.02724718116223812,0.10509355366230011,0.04574032500386238,0.16712312400341034,0.011883476749062538,0.016276367008686066,0.028795238584280014,0.11939401179552078,0.09905274957418442,0.003221399150788784,0.015109044499695301,0.04204113781452179,0.056305643171072006,0.05722898244857788,0.0018457951955497265
44,es,okapi,1,1,ok,32,0.012809458188712597,0.09483824670314789,0.07248467206954956,0.12100198119878769,0.010277807712554932,0.006930815987288952,0.0830598995089531,0.13320283591747284,0.055133476853370667,0.00816735066473484,0.005956469569355249,0.021006856113672256,0.07082446664571762,0.03677752986550331,0.003931647632271051
45,de,complex_prompts,1,1,ok,32,0.010734306648373604,0.015180874615907669,0.007989826612174511,0.03869330510497093,0.003994406666606665,0.005363008938729763,0.005712185520678759,0.01509932056069374,0.01712311990559101,0.002062467625364661,0.0021928006317466497,0.005277189891785383,0.005375504493713379,0.017221231013536453,0.003652617335319519
46,it,okapi,1,1,ok,32,0.03503140062093735,0.11416367441415787,0.0824505016207695,0.17820391058921814,0.004836039151996374,0.013577397912740707,0.01666039228439331,0.11197943985462189,0.06857244670391083,0.00407750066369772,0.013593113981187344,0.032517023384571075,0.10355244576931,0.06317247450351715,0.0021778338123112917
47,de,complex_prompts,1,1,ok,32,0.021463636308908463,0.09306122362613678,0.049704935401678085,0.1131756454706192,0.006018924526870251,0.01537768729031086,0.016897255554795265,0.0681646391749382,0.06343819200992584,0.00271329702809453,0.01023424044251442,0.013844495639204979,0.010587343014776707,0.05304344370961189,0.0008130441419780254
48,it,sharegpt,1,1,ok,32,0.04778602346777916,0.11434465646743774,0.1422899067401886,0.10974287241697311,0.004676241893321276,0.010359521023929119,0.011490870267152786,0.08975309133529663,0.04711122810840607,0.0016387238865718246,0.012510504573583603,0.02825699746608734,0.02633136883378029,0.044540565460920334,0.001200961065478623
49,fr,complex_prompts,1,1,ok,32,0.0357842743396759,0.11196653544902802,0.04633773863315582,0.11501719057559967,0.010326954536139965,0.015414921566843987,0.05427958071231842,0.07057878375053406,0.08130529522895813,0.009324595332145691,0.016740500926971436,0.010929997079074383,0.014102684333920479,0.06219565495848656,0.001563711673952639
50,fr,complex_prompts,1,1,ok,32,0.006322956643998623,0.027968598529696465,0.028516191989183426,0.14419935643672943,0.0034955546725541353,0.016897886991500854,0.012202490121126175,0.02098645642399788,0.0941617488861084,0.000676397408824414,0.00869408156722784,0.0017539585242047906,0.005506192799657583,0.07410946488380432,0.0005698584136553109
51,fr,okapi,1,1,ok,32,0.01758364774286747,0.07715099304914474,0.07900857925415039,0.15401990711688995,0.008176182396709919,0.011466534808278084,0.01579318195581436,0.15951001644134521,0.08236034214496613,0.007348697632551193,0.010887757875025272,0.0529198981821537,0.1784399300813675,0.057617951184511185,0.004898258484899998
52,it,complex_prompts,1,1,ok,32,0.035809047520160675,0.07889273017644882,0.01940704509615898,0.05112900584936142,0.03938588872551918,0.007223063614219427,0.008533335290849209,0.04372218996286392,0.022453203797340393,0.03238822892308235,0.018991127610206604,0.03352130576968193,0.02139611728489399,0.03178531676530838,0.012641147710382938
53,fr,okapi,1,1,ok,32,0.028222007676959038,0.0873086079955101,0.15743377804756165,0.10512590408325195,0.004873144440352917,0.014046916738152504,0.06523828208446503,0.13392126560211182,0.05497214198112488,0.002024763496592641,0.005925996229052544,0.010486546903848648,0.02531721070408821,0.030567506328225136,0.00112814805470407
54,it,complex_prompts,1,1,ok,32,0.023749353364109993,0.07985395193099976,0.011875842697918415,0.05343577265739441,0.004334449768066406,0.016383938491344452,0.01705329120159149,0.05175451189279556,0.03281031548976898,0.00218546437099576,0.008980873040854931,0.009546248242259026,0.008150766603648663,0.02088223583996296,0.0011400282382965088
55,de,okapi,1,1,ok,32,0.018110357224941254,0.13496343791484833,0.08219315856695175,0.15925374627113342,0.007842399179935455,0.017831414937973022,0.02800934761762619,0.1400672197341919,0.08360029757022858,0.00603053392842412,0.011373880319297314,0.027116278186440468,0.0904158428311348,0.055827684700489044,0.0032465332187712193
56,es,sharegpt,1,1,ok,32,0.012043416500091553,0.03909381479024887,0.04574756696820259,0.12830546498298645,0.019587310031056404,0.010588336735963821,0.016937559470534325,0.09223385900259018,0.07193730771541595,0.013027524575591087,0.016767850145697594,0.060159340500831604,0.09621275961399078,0.06380897015333176,0.009208486415445805
57,es,sharegpt,1,1,ok,32,0.008126381784677505,0.035654857754707336,0.028153706341981888,0.13825447857379913,0.013693656772375107,0.03153108432888985,0.01464160718023777,0.02072526514530182,0.15194419026374817,0.0018610077677294612,0.016624487936496735,0.009870415553450584,0.013884852640330791,0.08296585828065872,0.0006834054947830737
58,it,complex_prompts,1,1,ok,32,0.042908113449811935,0.08199150860309601,0.03669710457324982,0.13835769891738892,0.009576251730322838,0.005136396270245314,0.019634541124105453,0.06798268854618073,0.04794473946094513,0.010113479569554329,0.014850188978016376,0.08195968717336655,0.05312967300415039,0.06361082941293716,0.006441435310989618
59,it,complex_prompts,1,1,ok,32,0.020897289738059044,0.021455395966768265,0.009336542338132858,0.10950528085231781,0.0014057254884392023,0.018719792366027832,0.007015953306108713,0.011054000817239285,0.05687771737575531,0.0021678016055375338,0.011560522019863129,0.009687615558505058,0.006627168506383896,0.04450269043445587,0.0011121368734166026
60,es,okapi,1,1,ok,32,0.008600259199738503,0.06930461525917053,0.048249948769807816,0.18137246370315552,0.008350447751581669,0.007471370045095682,0.012166820466518402,0.11278042197227478,0.06684853881597519,0.006962876301258802,0.008056554943323135,0.050854962319135666,0.10803955793380737,0.06257947534322739,0.004820510279387236
61,es,okapi,1,1,ok,32,0.024529730901122093,0.14968319237232208,0.08504068851470947,0.18733638525009155,0.006430227775126696,0.009138595312833786,0.022699270397424698,0.1458311676979065,0.0780404806137085,0.005934579763561487,0.008375374600291252,0.04309207946062088,0.107673779129982,0.0600958876311779,0.0033736638724803925
62,de,complex_prompts,1,1,ok,32,0.018258236348628998,0.057785145938396454,0.03648078814148903,0.1393321305513382,0.00235894788056612,0.012860078364610672,0.015936631709337234,0.047859076410532,0.06304848194122314,0.001890346989966929,0.009344961494207382,0.00995387602597475,0.030719192698597908,0.039359234273433685,0.00108394306153059
63,fr,complex_prompts,1,1,ok,32,0.022219642996788025,0.09474440664052963,0.03889448940753937,0.05546827241778374,0.006958749610930681,0.010700521990656853,0.018991338089108467,0.04227282106876373,0.018896279856562614,0.003579538781195879,0.007963518612086773,0.01126344595104456,0.008702410385012627,0.022759780287742615,0.0016689305193722248
64,de,sharegpt,1,1,ok,32,0.03882116451859474,0.1545737087726593,0.17694388329982758,0.20503735542297363,0.010009780526161194,0.0154981454834342,0.024646466597914696,0.12813395261764526,0.07220166176557541,0.003930342849344015,0.015077692456543446,0.02712286077439785,0.038803812116384506,0.059868622571229935,0.002333839423954487
65,es,okapi,1,1,ok,32,0.012073690071702003,0.10494885593652725,0.05293537303805351,0.15960176289081573,0.009450340643525124,0.007877416908740997,0.0194654930382967,0.0885823518037796,0.06401485204696655,0.003659076988697052,0.010275304317474365,0.03546522930264473,0.06355452537536621,0.05605042725801468,0.0027089216746389866
66,fr,complex_prompts,1,1,ok,32,0.036700520664453506,0.11972729116678238,0.023382216691970825,0.17048223316669464,0.006150960922241211,0.015186838805675507,0.010231508873403072,0.021528618410229683,0.08220025897026062,0.0014564687153324485,0.017398441210389137,0.025263125076889992,0.023350032046437263,0.11302031576633453,0.0008798346971161664
67,it,complex_prompts,1,1,ok,32,0.04146311432123184,0.0070123253390192986,0.019871046766638756,0.1543079912662506,0.0024956362321972847,0.0187092162668705,0.031303588300943375,0.0239894837141037,0.060759492218494415,0.0035746789071708918,0.013428359292447567,0.00235016574151814,0.0009877454722300172,0.05055304244160652,0.00045396568020805717
68,de,complex_prompts,1,1,ok,32,0.014503187499940395,0.021704774349927902,0.015008029527962208,0.11055941134691238,0.00344443554058671,0.0032959594391286373,0.00035098259104415774,0.0024697999469935894,0.037547517567873,0.00014753159484826028,0.001315808156505227,0.000636701297480613,0.0014550320338457823,0.01931951567530632,9.313507325714454e-05
69,es,sharegpt,1,1,ok,32,0.015556352213025093,0.03480350226163864,0.039764564484357834,0.05951264128088951,0.009531993418931961,0.0097064059227705,0.012151027098298073,0.05159064754843712,0.0331672765314579,0.0034705311991274357,0.0051706950180232525,0.006499914452433586,0.010456384159624577,0.027090080082416534,0.0016249734908342361
70,it,complex_prompts,1,1,ok,32,0.057520344853401184,0.17386138439178467,0.05074624344706535,0.09595680236816406,0.018975572660565376,0.011387597769498825,0.0194822009652853,0.06512598693370819,0.04225512593984604,0.01354751642793417,0.017779961228370667,0.035201504826545715,0.07111208140850067,0.029379934072494507,0.006122743245214224
71,it,okapi,1,1,ok,32,0.013447470963001251,0.043318841606378555,0.016756709665060043,0.11198893934488297,0.01238599419593811,0.007488988805562258,0.01088364701718092,0.055116161704063416,0.044965725392103195,0.0131199536845088,0.003714428748935461,0.018760377541184425,0.06496620178222656,0.031846754252910614,0.014088156633079052
72,fr,sharegpt,1,1,ok,32,0.022647472098469734,0.04113772511482239,0.0329543799161911,0.06501569598913193,0.00924121867865324,0.010692883282899857,0.011316207237541676,0.03864883631467819,0.032409731298685074,0.0033283201046288013,0.003941426519304514,0.005832243245095015,0.00898504164069891,0.025799419730901718,0.0015924705658107996
73,fr,complex_prompts,1,1,ok,32,0.02338522858917713,0.119390107691288,0.012329945340752602,0.0750972107052803,0.002295746700838208,0.013662610203027725,0.007880591787397861,0.021026674658060074,0.07457290589809418,0.0005125736352056265,0.005795435979962349,0.0028821921441704035,0.006655671168118715,0.04956767335534096,0.0003372720384504646
74,it,sharegpt,1,1,ok,32,0.02097899094223976,0.029585134238004684,0.027767082676291466,0.06671580672264099,0.0088501563295722,0.009126933291554451,0.008011660538613796,0.03198542445898056,0.031022559851408005,0.003180301282554865,0.0034892463590949774,0.004853236023336649,0.007005831692367792,0.02118849568068981,0.0015533259138464928
75,es,sharegpt,1,1,ok,32,0.020674556493759155,0.061428315937519073,0.08583705127239227,0.07332637161016464,0.0121379429474473,0.011091421358287334,0.02356208674609661,0.07583332061767578,0.041164107620716095,0.004533560946583748,0.007486216723918915,0.013981448486447334,0.032339733093976974,0.041723743081092834,0.002973774215206504
76,de,sharegpt,1,1,ok,32,0.011844390071928501,0.059404484927654266,0.01875903084874153,0.09125350415706635,0.009377766400575638,0.00860607996582985,0.013827329501509666,0.03387117013335228,0.044943809509277344,0.003689589211717248,0.004429405089467764,0.007491574622690678,0.012023314833641052,0.03320908173918724,0.0025305228773504496
77,de,sharegpt,1,1,ok,32,0.04762361943721771,0.13928411900997162,0.14779068529605865,0.15205924212932587,0.006907003000378609,0.023721657693386078,0.02310015633702278,0.07737818360328674,0.06736181676387787,0.0019444968784227967,0.011324623599648476,0.00956397783011198,0.014536119066178799,0.03809307888150215,0.0009475430124439299
78,es,okapi,1,1,ok,32,0.01818564347922802,0.08315089344978333,0.08615657687187195,0.17530035972595215,0.011421778239309788,0.006028402131050825,0.012497584335505962,0.09833700954914093,0.05952136963605881,0.009133875370025635,0.006603846326470375,0.05304143950343132,0.08550207316875458,0.04469491168856621,0.006164598744362593
79,it,okapi,1,1,ok,32,0.03269686549901962,0.060513950884342194,0.03732806444168091,0.19525867700576782,0.008269174955785275,0.014767316170036793,0.013674376532435417,0.09651747345924377,0.07066580653190613,0.006042796652764082,0.018089592456817627,0.035244930535554886,0.0827421098947525,0.0790773406624794,0.00402183597907424
80,it,sharegpt,1,1,ok,32,0.03152395412325859,0.06397723406553268,0.027677640318870544,0.1244722381234169,0.008773041889071465,0.01875065080821514,0.025124207139015198,0.046780601143836975,0.05170468986034393,0.0029435716569423676,0.009377622045576572,0.00846870057284832,0.007927426137030125,0.02768871560692787,0.0013979015639051795
81,fr,sharegpt,1,1,ok,32,0.05350196734070778,0.263996958732605,0.16622155904769897,0.21628767251968384,0.011878828518092632,0.04092719778418541,0.014405340887606144,0.11368048936128616,0.15486788749694824,0.00439823791384697,0.03229127451777458,0.061215247958898544,0.08304942399263382,0.0941442921757698,0.002718122210353613
82,de,okapi,1,1,ok,32,0.01137351244688034,0.09951207786798477,0.038318365812301636,0.11595828086137772,0.013599693775177002,0.00748490821570158,0.007563229650259018,0.046809181571006775,0.040902912616729736,0.009454715065658092,0.008043169043958187,0.02151636779308319,0.06388597190380096,0.0471329391002655,0.009794105775654316
83,fr,okapi,1,1,ok,32,0.01902780495584011,0.1257542073726654,0.046145252883434296,0.16482633352279663,0.009283915162086487,0.010093226097524166,0.031353726983070374,0.08814869821071625,0.06922034919261932,0.00428838562220335,0.006959606893360615,0.027823301032185555,0.0468355268239975,0.0412750318646431,0.0026544698048382998
84,de,okapi,1,1,ok,32,0.012875309213995934,0.17513474822044373,0.07012886554002762,0.14770764112472534,0.009853404015302658,0.010746845975518227,0.07299645245075226,0.11385822296142578,0.0594402477145195,0.007965639233589172,0.005325037520378828,0.01404548715800047,0.04224921390414238,0.037237875163555145,0.004905265755951405
85,fr,complex_prompts,1,1,ok,32,0.014889786019921303,0.18427874147891998,0.06898307800292969,0.0828535333275795,0.005365299992263317,0.011079288087785244,0.0332646518945694,0.07913842797279358,0.03964981064200401,0.005688756238669157,0.012614372186362743,0.028713680803775787,0.0244001355022192,0.032182727009058,0.0031530740670859814
86,de,okapi,1,1,ok,32,0.016878580674529076,0.15482887625694275,0.08546712249517441,0.16108769178390503,0.01607452519237995,0.007673210464417934,0.011727040633559227,0.08601624518632889,0.05866371840238571,0.009329641237854958,0.013377726078033447,0.024205556139349937,0.058260250836610794,0.05765628442168236,0.007574162445962429
87,fr,okapi,1,1,ok,32,0.04432152956724167,0.1491267830133438,0.17331531643867493,0.2576165795326233,0.01302313432097435,0.016042280942201614,0.03845922648906708,0.1631736159324646,0.10191457718610764,0.012583548203110695,0.00950821116566658,0.043460723012685776,0.08054107427597046,0.055415909737348557,0.0073028914630413055
88,it,sharegpt,1,1,ok,32,0.023993613198399544,0.04236961528658867,0.05824801325798035,0.10309657454490662,0.008410140872001648,0.009482230991125107,0.015534462407231331,0.08564035594463348,0.05289410054683685,0.006838307715952396,0.018433915451169014,0.025744739919900894,0.018694324418902397,0.0413580946624279,0.002073144307360053
89,de,complex_prompts,1,1,ok,32,0.02930068038403988,0.18947166204452515,0.07918164134025574,0.12525516748428345,0.006576795130968094,0.015121066942811012,0.017880886793136597,0.043754905462265015,0.04535443335771561,0.0023753265850245953,0.009381329640746117,0.011418959125876427,0.016973575577139854,0.037625208497047424,0.0019738837145268917
90,fr,okapi,1,1,ok,32,0.025744857266545296,0.0970020741224289,0.09053488075733185,0.15480393171310425,0.004197361879050732,0.006720352917909622,0.016343053430318832,0.08721436560153961,0.054796312004327774,0.0017498175147920847,0.0036550993099808693,0.025104694068431854,0.05272339656949043,0.03315729647874832,0.0012913777027279139
91,fr,okapi,1,1,ok,32,0.037419795989990234,0.1053086593747139,0.077515609562397,0.19167661666870117,0.008380785584449768,0.01362178847193718,0.017879504710435867,0.14452996850013733,0.07346327602863312,0.005899490788578987,0.015258457511663437,0.04669762775301933,0.12077634781599045,0.08060140162706375,0.003979111090302467
92,de,complex_prompts,1,1,ok,32,0.027156829833984375,0.07433129847049713,0.05754807963967323,0.10826729983091354,0.011834649369120598,0.021642431616783142,0.019145499914884567,0.07704205065965652,0.07170578837394714,0.00332721509039402,0.016155440360307693,0.01024433970451355,0.008624893613159657,0.056028109043836594,0.0008932420169003308
93,de,okapi,1,1,ok,32,0.015558337792754173,0.22452618181705475,0.09029743075370789,0.1559755951166153,0.011833623051643372,0.01248876005411148,0.03505146503448486,0.10579794645309448,0.05764896050095558,0.009841903112828732,0.008888768963515759,0.03199836239218712,0.057007551193237305,0.04068898409605026,0.005922593642026186
94,fr,complex_prompts,1,1,ok,32,0.027835549786686897,0.14746174216270447,0.04461277648806572,0.1533971130847931,0.004549225326627493,0.014402196742594242,0.005368609447032213,0.018525492399930954,0.07291709631681442,0.0025115711614489555,0.014511918649077415,0.011197327636182308,0.012564784847199917,0.06872136890888214,0.0004939412465319037
95,it,okapi,1,1,ok,32,0.025608383119106293,0.09803055226802826,0.04608801379799843,0.18849249184131622,0.004985516890883446,0.015646427869796753,0.015464493073523045,0.1028432697057724,0.07917541265487671,0.005523847881704569,0.010580012574791908,0.029404759407043457,0.07674244046211243,0.05270358547568321,0.003192569361999631
