language,source,prompt,n_language_tokens,n_reply_tokens,last_prompt_target_lang,last_prompt_target_nearby,last_prompt_control_lang_mean,early_reply_target_lang,early_reply_target_nearby,early_reply_control_lang_mean,later_reply_target_lang,later_reply_target_nearby,later_reply_control_lang_mean
it,sharegpt,"Read and summarize in Italian the architecture design in ""Deep-Aligned Convolutional Neural Network for Skeleton-Based Action Recognition and Segmentation""",1,32,0.8078274130821228,0.009362203069031239,0.013830859524508318,0.27648860216140747,0.0022981399670243263,0.0020062707675000033,0.08967121690511703,0.0030367537401616573,0.003510967673112949
it,okapi,Write an 1850-word horror story in Italian.,1,32,0.7605205178260803,0.012475941330194473,0.015446397475898266,0.32043612003326416,0.004804773721843958,0.001851650750419746,0.1311541199684143,0.00366588169708848,0.004640654427930713
it,okapi,Write a 3-page article discussing the impact of COVID-19 on the global economy. Answer in Italian.,1,32,0.9202703237533569,0.0018784372368827462,0.0046750854623193545,0.412173330783844,0.0014173993840813637,0.001811129894728462,0.47677260637283325,0.0005247013759799302,0.002690554868119458
it,okapi,Generate a 500-word story in Italian about a man who finds himself in an unfamiliar city.,1,32,0.8885627388954163,0.00467686029151082,0.010729178437031806,0.4154627323150635,0.0026647329796105623,0.002129464914711813,0.15728966891765594,0.0015086062485352159,0.001898835025106867
it,sharegpt,Respond in Italian. What are your thoughts about the future of academic libraries in the next 10 years?,1,32,0.9010701179504395,0.0024752006866037846,0.0042871265128875775,0.6160467863082886,0.0019108811393380165,0.002924370074955126,0.2867977023124695,0.001336834509856999,0.0015355183665330212
it,okapi,Generate an essay in Italian of 500 words on the topic of machine learning.,1,32,0.9104494452476501,0.0019196808570995927,0.01502513512969017,0.5080084800720215,0.0025420552119612694,0.0037951431392381587,0.2114073485136032,0.0019940591882914305,0.0024759387985492745
it,okapi,Write an opinion article in Italian on artificial intelligence in 500-700 words.,1,32,0.9223576188087463,0.0050140367820858955,0.012892471859231591,0.6142635345458984,0.004258900415152311,0.0029582560528069735,0.3406442105770111,0.003390772268176079,0.0023884271116306386
it,sharegpt,Reply in Italian. How does Medium's recommendation system work?,1,32,0.9172874093055725,0.0008470339816994965,0.002829665628572305,0.5567126870155334,0.000426500104367733,0.0018586296355351806,0.22115060687065125,0.00023680749291088432,0.0006708355795126408
it,okapi,Generate an argumentative essay about the importance of healthy eating. Write in Italian.,1,32,0.9353291392326355,0.0010297710541635752,0.00466291478369385,0.6054158210754395,0.0011575318640097976,0.0016323608967165153,0.2602807283401489,0.0005368327256292105,0.002862231728310386
it,sharegpt,Explain quantum computing in simple terms. Use Italian.,1,32,0.7958178520202637,0.003066360717639327,0.017699568105551105,0.21226777136325836,0.0006329813040792942,0.017100421090920765,0.057578809559345245,0.00014902949624229223,0.006541670300066471
it,sharegpt,Write in Italian. what topics are investigated by an underwriter for life insurance?,1,32,0.8935628533363342,0.003239147597923875,0.006200435299736758,0.5580620765686035,0.0013218984240666032,0.0036611322623987994,0.2536463439464569,0.0007450443226844072,0.0018865661889625092
it,okapi,Generate a blog post of at least 500 words about machine learning. Write in Italian.,1,32,0.9638011455535889,0.0005663219490088522,0.006372923186669747,0.688195526599884,0.0012221727520227432,0.004191473902513583,0.40669819712638855,0.0004766999918501824,0.003759211045689881
it,okapi,Generate an argumentative essay in Italian about the importance of healthy eating.,1,32,0.8572971224784851,0.005669328384101391,0.009809639537706971,0.36214369535446167,0.0027764099650084972,0.006611657716954748,0.2328590303659439,0.0016889587277546525,0.002726729648808638
it,sharegpt,Use Italian. Taking the role of a potential collaborator - tell me about ways I could collaborate with Solugen,1,32,0.6794970631599426,0.0010625325376167893,0.008313127211295068,0.40500199794769287,0.000523919821716845,0.007965988479554653,0.20500196516513824,0.00028307040338404477,0.004241893456007044
it,sharegpt,which country was the first to adopt communism as the way to develop it economy. Respond in Italian.,1,28,0.8808683753013611,0.0016199337551370263,0.005096798064187169,0.4998549520969391,0.0017000797670334578,0.0026152469217777252,0.22544434666633606,0.0009307159343734384,0.0017361459710324805
it,complex_prompts,"From a child's perspective, compose a persuasive argument in under 250 words, explaining to their parents why they should be free to enjoy unlimited TV watching and video game playing. Respond in Italian. Afterward, make a concise list summarizing each reason the child presents to support their request.",1,32,0.9163998961448669,0.0012935486156493425,0.00538777292240411,0.5050099492073059,0.00031599513022229075,0.0012577574913545202,0.3132067918777466,0.0003915656416211277,0.0015004976594354957
it,okapi,Respond in Italian. Generate an essay discussing the importance of recycling.,1,32,0.9308988451957703,0.0015544007765129209,0.0021912013568604984,0.5785408020019531,0.0013610217720270157,0.0010730898939073086,0.27415046095848083,0.000523549853824079,0.0007852240620801846
it,complex_prompts,"output a json with the top 5 pieces of advice for increasing productivity in 3 different ways- 1st in the tone for people up to 18 years old, 2nd for 19-25, and 3rd for 26+. Keep the advice between 20-40 words. Only output the json
Write in Italian.",1,32,0.49437135457992554,0.0027368632145226,0.01231881215547522,0.35017281770706177,0.002048336900770664,0.006350414905076225,0.14689072966575623,0.0013271330390125513,0.002538653905503452
it,complex_prompts,"How do you make knives? Make the instructions concise and also include briefly stated reasoning for each step.
Respond in Italian.",1,32,0.9674532413482666,0.0010640645632520318,0.005690689625528951,0.5482708215713501,0.0011849652510136366,0.001540300475123028,0.3564179539680481,0.0009729039738886058,0.002309134230017662
it,complex_prompts,"Consider the following article: 

The incident occurred during the break at Sunday’s 2-0 win over Iceland.

But with Portugal struggling to take their chances in the first half to enter the Euro Cup, players gathered in the tunnel for a pep talk before heading back onto the pitch.

Manchester United captain Fernandes and Man City defender Ruben Dias could be seen engaged in a tense discussion as teammates watched on. One of those taking it all in was national team skipper Ronaldo, who now plies his trade in Saudi Arabia with Al-Nassr.

But the legendary striker appeared bemused while watching Fernandes and Dias’ conversation.

And Ronaldo turned on his heels while bearing a wry grin as he walked out of the tunnel and onto the field.

Supporters were quick to take note of his body language and facial expression, with many reckoning Ronnie is yearning for the old days of international football.One said: “You can see the goat misses the old generation.

“Diogo Dalot and Otavio are probably the only two from this generation that Cristiano is close with.

“We need Pepe back too, he is a REAL one!”

Another declared: “Man is lost listening.”

One added: “Bruno believes himself to be the captain.”

But Portugal boss Martinez downplayed any talk of Ronaldo being unsettled, saying: ""Cristiano Ronaldo is as hungry as an 18-year-old player.

""He is a role model, he always tries to be in the right position and is looking for the goal."". Summarize in Italian what the fans were saying in 100 words or less. Include quotes from only the fans following the format: {fans}|{quote}.",1,32,0.8065328598022461,0.003986459691077471,0.018210296363880236,0.25274473428726196,0.0012248981511220336,0.00427464892466863,0.12360437959432602,0.0007648745086044073,0.0022917626968895397
it,sharegpt,What are your thoughts about the future of academic libraries in the next 10 years? Write in Italian.,1,32,0.8465965986251831,0.004854205530136824,0.007363072130829096,0.6539163589477539,0.0012487922795116901,0.006040883095314105,0.32252299785614014,0.0004427979001775384,0.002933482600686451
it,okapi,Reply in Italian. Write a short persuasive essay about the importance of voting.,1,32,0.924826979637146,0.0005017091170884669,0.001955415898313125,0.47231030464172363,0.00023091516050044447,0.0010321323449412982,0.2520352303981781,0.00023363948275800794,0.0008908149708683292
it,sharegpt,Can you explain in Italian the working principle behind stable diffusion?,1,32,0.8870895504951477,0.006046365015208721,0.013659789615000287,0.45494985580444336,0.003873338457196951,0.004840032042314609,0.19571667909622192,0.0014857907081022859,0.0059537338092923164
it,sharegpt,Answer in Italian. Can you Propose improvements on current clean energy solutions or new clean energy alternatives that promote humans to live sustainably with nature?,1,32,0.9573400616645813,0.0011350964196026325,0.0044460157708575325,0.7265345454216003,0.002031642012298107,0.0019405716642116506,0.36717548966407776,0.0013711120700463653,0.0008242548210546374
fr,sharegpt,Reply in French. How does Medium's recommendation system work?,1,32,0.6929827332496643,0.0016794261755421758,0.00339159753639251,0.47830361127853394,0.0005755966994911432,0.002104243729263544,0.208041250705719,0.0004281771834939718,0.000722250493708998
fr,sharegpt,Invent a global digital government. Answer in French.,1,32,0.8357822895050049,0.004229929763823748,0.003694126343665024,0.4459475874900818,0.002223437186330557,0.0037180092185735703,0.2004266381263733,0.0007415661821141839,0.0015985134911412995
fr,sharegpt,Summarize the sensor portfolio of Infineon. Write in French.,1,32,0.6147624254226685,0.005453818943351507,0.005680186014312009,0.4423167109489441,0.002096011769026518,0.002563954835447172,0.16299597918987274,0.0005894553614780307,0.002933477827658256
fr,okapi,Generate an essay in French of 500 words on the topic of machine learning.,1,32,0.8613237738609314,0.0021423425059765577,0.010943054143960277,0.4311290681362152,0.0031765925232321024,0.004457008171205719,0.18571186065673828,0.0018081290181726217,0.0020859652431681752
fr,okapi,Generate an essay in French discussing the importance of recycling.,1,32,0.7825068235397339,0.004069590475410223,0.008260294562205672,0.3003547191619873,0.003788386005908251,0.002438686788082123,0.12732233107089996,0.00150357186794281,0.0015709543755898874
fr,okapi,Generate a blog post of at least 500 words about machine learning. Write in French.,1,32,0.9141397476196289,0.0010511197615414858,0.0051496176747605205,0.5672063827514648,0.0019047687528654933,0.00464994468105336,0.2628382742404938,0.0010171713074669242,0.00260460974338154
fr,sharegpt,Provide a sample CRM requirements document for a company that sells scientific instrumenation. Respond in French.,1,32,0.7975605130195618,0.006529456470161676,0.0040088606377442675,0.5842984318733215,0.0022429495584219694,0.004034336578721802,0.4123750925064087,0.0007076430483721197,0.004516237027322252
fr,sharegpt,Explain quantum computing in simple terms. Use French.,1,32,0.8603392839431763,0.001550492481328547,0.012298135145101696,0.35037994384765625,0.000951987924054265,0.005984033613155286,0.12251652777194977,0.0002476405643392354,0.0032341216380397477
fr,sharegpt,"Read and summarize the architecture design in ""Deep-Aligned Convolutional Neural Network for Skeleton-Based Action Recognition and Segmentation"". Write in French.",1,32,0.6886434555053711,0.00492269778624177,0.004060482295850913,0.21619334816932678,0.001570814405567944,0.0027589926418537893,0.13402500748634338,0.0009423761512152851,0.006051981899266441
fr,sharegpt,Respond in French. which country was the first to adopt communism as the way to develop it economy,1,32,0.6070758104324341,0.0012963935732841492,0.0047915284521877766,0.09989804029464722,0.00030188134405761957,0.002129852092669656,0.1129290759563446,0.000412182038417086,0.001729971127739797
fr,sharegpt,"Respond in French. What is a ""interactive engineering model "" related to self-learning",1,32,0.8632128834724426,0.0028690421022474766,0.003094975332108637,0.4454253315925598,0.001173929194919765,0.0010336025249368201,0.12715467810630798,0.000583984365221113,0.0010334865073673427
fr,okapi,Write a sample essay of 500 words on the topic of artificial intelligence. Respond in French.,1,32,0.9349886775016785,0.000781353039201349,0.004150383989326656,0.47369757294654846,0.001697707804851234,0.0029277222929522395,0.2531889081001282,0.0007296314579434693,0.0022525576253732047
fr,okapi,Respond in French. Write a persuasive essay about why the redistribution of wealth is necessary.,1,32,0.8532217144966125,0.0022947106044739485,0.002094275550916791,0.3983336389064789,0.0012523001059889793,0.0011149854011212785,0.12365478277206421,0.0005771440919488668,0.001570515800267458
fr,okapi,Answer in French. Write four articles on the topic of cryptocurrency with a minimum of 300 words each.,1,32,0.8428962230682373,0.004568318836390972,0.004084310707791398,0.38271206617355347,0.004718053620308638,0.0024227348621934652,0.23662029206752777,0.0036802382674068213,0.0027437323393921056
fr,sharegpt,"You are a medical communications expert. Please provide a summary on how pharma companies are approaching diversity and inclusion, and health inequalities globally.  Focus on the general approach and include information on clinical trials. Reply in French.",1,32,0.8267862200737,0.002921757521107793,0.002540215849876404,0.3216344118118286,0.0011292339768260717,0.0017506581110258896,0.2816832959651947,0.0005860915989615023,0.0021401166062181196
fr,sharegpt,Reply in French. Summarize the sensor portfolio of Infineon,1,32,0.6783211827278137,0.002284096786752343,0.003992260356123249,0.3778989315032959,0.0006773310014978051,0.004002246151988705,0.09514614194631577,0.00044524375698529184,0.0010480709994832675
fr,sharegpt,Write in French. What can you say about the security policy  of Cisco or any network edge device that must be implemented in order to secure the organization's data and resources?,1,32,0.5946492552757263,0.005619573872536421,0.009311183278138438,0.2625733017921448,0.002680848352611065,0.007171085026736061,0.16200213134288788,0.0010312856175005436,0.0010265445065063734
fr,okapi,Reply in French. Write a short persuasive essay about the importance of voting.,1,32,0.8928692936897278,0.0006398041150532663,0.002987671992741525,0.34276270866394043,0.0003152104909531772,0.001119113857081781,0.18434549868106842,0.00038503369432874024,0.0009200372539150218
fr,sharegpt,Can you Propose improvements on current clean energy solutions or new clean energy alternatives that promote humans to live sustainably with nature? Use French.,1,32,0.8118619322776794,0.0011922727571800351,0.009087842695104579,0.23958107829093933,0.000828683259896934,0.0046124837050835294,0.15429776906967163,0.0002832219179254025,0.002796568519746264
fr,complex_prompts,"Briefly summarize the plot of the film Tangled (2010) to a group of 7 year old children in under 300 words.
Write in French.",1,32,0.9146894812583923,0.0009447922930121422,0.0027325995227632425,0.3017895817756653,0.0019586700946092606,0.0037899628126372895,0.22701305150985718,0.0007865005754865706,0.0055974960171928006
fr,okapi,Use French. Generate a 500-word story about a man who finds himself in an unfamiliar city.,1,32,0.8421832323074341,0.0008570489007979631,0.0035820628011909625,0.32330426573753357,0.0013678229879587889,0.004333210720991095,0.1191227063536644,0.0007607319857925177,0.006956906310127427
fr,sharegpt,"Read and summarize in French the architecture design in ""Deep-Aligned Convolutional Neural Network for Skeleton-Based Action Recognition and Segmentation""",1,32,0.7327038049697876,0.00904778391122818,0.012697145187606415,0.11798679828643799,0.0022101704962551594,0.0020149790992339454,0.05192829295992851,0.002385309198871255,0.0036508714935431876
fr,okapi,"Compose an essay in French from the given statement.
The importance of music education in our lives.",1,32,0.6894187331199646,0.002669952344149351,0.00939186856461068,0.39289599657058716,0.0026696971617639065,0.0023267348879016936,0.12672612071037292,0.0009945479687303305,0.0016849046320809673
fr,sharegpt,explain database sharding. Write in French.,1,32,0.855076789855957,0.0024960257578641176,0.0049093181733042,0.4041019380092621,0.0012636701576411724,0.002418807397286097,0.12875692546367645,0.00042404906707815826,0.0009822989037881296
de,okapi,Respond in German. Generate an essay discussing the importance of recycling.,1,32,0.8431845903396606,0.0014200704172253609,0.004123255435843021,0.27925723791122437,0.0008852941682562232,0.0011538717274864514,0.1561499983072281,0.0005558306584134698,0.001264745641189317
de,sharegpt,What services do CRM agencies offer for Consultation and strategy development? Answer in German.,1,32,0.40642744302749634,0.0035745040513575077,0.003909819448987643,0.6281152963638306,0.0020285563077777624,0.0011508541065268219,0.2685714364051819,0.0015315883792936802,0.001270659500733018
de,okapi,Respond in German. Write a 500 word essay on the causes of poverty.,1,32,0.7583616375923157,0.0020239809527993202,0.0036365651176311076,0.19935601949691772,0.00040123029612004757,0.0011964482740343858,0.13557204604148865,0.0005788672715425491,0.0010126722239268322
de,okapi,Write a 3-page article discussing the impact of COVID-19 on the global economy. Answer in German.,1,32,0.8327285647392273,0.0021279407665133476,0.008651347986112038,0.28299257159233093,0.000636448385193944,0.0030801689329867563,0.2225923091173172,0.0005485057481564581,0.0021572788051950433
de,sharegpt,Reply in German. Summarize the sensor portfolio of Infineon,1,32,0.38596999645233154,0.001196170225739479,0.010870753748652836,0.14371366798877716,0.00036565540358424187,0.0027826423562752702,0.1419530212879181,0.0001954843319253996,0.0007854548166505992
de,okapi,Generate a creative story which is at least 500 words long. Write in German.,1,32,0.801201343536377,0.00268179620616138,0.008486874595594903,0.43930017948150635,0.0013129136059433222,0.016005012750004727,0.2659866213798523,0.0004396422882564366,0.004799127966786425
de,sharegpt,Taking the role of a potential collaborator - tell me about ways I could collaborate with Solugen. Answer in German.,1,32,0.5996081233024597,0.0018801226979121566,0.003507710158980141,0.3316011428833008,0.0009797507664188743,0.002443530441572269,0.3277495205402374,0.000859129533637315,0.002177815263470014
de,sharegpt,Use German. Invent a global digital government.,1,32,0.8330700397491455,0.0014506818260997534,0.012042446158981571,0.23488344252109528,0.00078826944809407,0.0056332729291170835,0.194815531373024,0.0005958094261586666,0.0037271943874657154
de,sharegpt,Can you explain the working principle behind stable diffusion? Write in German.,1,32,0.5915504097938538,0.0015772006008774042,0.0066120593110099435,0.48128417134284973,0.0006535654538311064,0.006814062672977646,0.3371725082397461,0.00043600297067314386,0.0032365304650738835
de,okapi,Write a 500-word story in the horror genre. Answer in German.,1,32,0.7579891085624695,0.0013541338266804814,0.006916159822139889,0.43252190947532654,0.0008364705136045814,0.005161607327560584,0.31216883659362793,0.0001787381333997473,0.001297209217833976
de,sharegpt,Write in German. What can you say about the security policy  of Cisco or any network edge device that must be implemented in order to secure the organization's data and resources?,1,32,0.5704101324081421,0.0032662018202245235,0.01217452879063785,0.30156922340393066,0.0008658381411805749,0.004419037917008002,0.15692271292209625,0.0005163496825844049,0.0010430366965010762
de,complex_prompts,"Write a 100 word poem in German including the words cat, mouse and dog. You should begin every line of the poem with either of the given words and rhyme the end of every line should rhyme. Just give me the poem with no prefacing text.",1,32,0.8373227119445801,0.0021694886963814497,0.012168155129378041,0.21548280119895935,0.003431896911934018,0.0021003408279890814,0.08647298812866211,0.001226417487487197,0.0005227687433944084
de,okapi,Reply in German. Write a short persuasive essay about the importance of voting.,1,32,0.8522051572799683,0.0004285795730538666,0.0035159747155072787,0.5548408031463623,0.00023005731054581702,0.0006233106832951307,0.2839576005935669,0.00019753791275434196,0.0006244230219939103
de,complex_prompts,"From a child's perspective, compose a persuasive argument in under 250 words, explaining to their parents why they should be free to enjoy unlimited TV watching and video game playing. Afterward, make a concise list summarizing each reason the child presents to support their request.
Reply in German.",1,32,0.8335264921188354,0.001437393599189818,0.004056397553843756,0.34493157267570496,0.00048132624942809343,0.0036983402678743005,0.1976812183856964,0.000351784226950258,0.0010534619214013219
de,okapi,Write in German. Create a story for a children's book about a crocodile.,1,32,0.8802924752235413,0.0014076768420636654,0.004337658329556386,0.41239356994628906,0.0007342585595324636,0.007399264723062515,0.27476415038108826,0.0005656403955072165,0.0017448784395431478
de,sharegpt,Respond in German. which country was the first to adopt communism as the way to develop it economy,1,28,0.6873872876167297,0.001207366120070219,0.003962383062268297,0.20191091299057007,0.0003280678065493703,0.0012058935826644301,0.09264843165874481,0.0003251081216149032,0.0007532603728274504
de,okapi,Reply in German. Write an 1850-word horror story.,1,32,0.3421421945095062,0.0013678220566362143,0.005034878539542357,0.2768307030200958,0.0004957619239576161,0.002131781463200847,0.2496630698442459,0.0006668777787126601,0.002442026976495981
de,sharegpt,Respond in German. Can you explain the working principle behind stable diffusion?,1,32,0.6681557893753052,0.0016495500458404422,0.005332896796365579,0.17460614442825317,0.0007547351997345686,0.0015208678281245132,0.12232771515846252,0.0006494291010312736,0.0007471880914332966
de,okapi,Reply in German. Generate a blog post of 500 words or less that discusses a chosen topic,1,32,0.8043506741523743,0.0008475982467643917,0.006117555157591899,0.47713130712509155,0.0002786031109280884,0.00484882527962327,0.26312193274497986,0.0003631149011198431,0.0019781002774834633
de,okapi,Write a 250-word article summarizing the changes brought about by Brexit. Write in German.,1,32,0.818867564201355,0.0025594504550099373,0.006800110141436259,0.399684339761734,0.0009982570772990584,0.002814494539052248,0.2266855090856552,0.0007117838831618428,0.0031966138631105423
de,okapi,Respond in German. Generate an argumentative essay about the importance of healthy eating.,1,32,0.898720920085907,0.0014394274912774563,0.0032244059063183763,0.2919963002204895,0.0006759713287465274,0.001227356008409212,0.1200094148516655,0.0005395933403633535,0.0005298249501114091
de,sharegpt,"what do you think: given ocams razor says that the simplest explenation is the most likely, might there be a point where the existing quantum physics theories will be replace by much more simple theories or is it more likely that we've reached a point where no more simplification is possible due to the nature of the universe? Write in German.",1,32,0.6193606853485107,0.0032412137370556593,0.008495577261783183,0.22479484975337982,0.0004752517561428249,0.004356481522942583,0.09162846952676773,0.00023635306570213288,0.0012938923221857597
de,sharegpt,Reply in German. Write a project proposal on : Assessing the implementation of sustainable development goals in urban planning practices: Challenges and opportunities,1,32,0.4450083076953888,0.0007391726830974221,0.006726314662955701,0.3507799506187439,0.00022711840574629605,0.0008443318074569106,0.1725405603647232,0.00020788752590306103,0.00031474912733150023
de,okapi,Write in German. Identify three types of government assistance that could help startups during the economic downturn.,1,32,0.8403550386428833,0.002039901912212372,0.010388018718610207,0.31703656911849976,0.0015931930392980576,0.0026589969638735056,0.18728861212730408,0.0007798399892635643,0.001795928692445159
es,sharegpt,which country was the first to adopt communism as the way to develop it economy. Respond in Spanish.,1,21,0.8132837414741516,0.0019213082268834114,0.00602940112973253,0.3676677346229553,0.0013403084594756365,0.0035134952825804553,0.1458459198474884,0.0004874572332482785,0.0031883842311799526
es,sharegpt,what are the best analysis to perform during due diligence of enterprise software companies? Write in Spanish.,1,32,0.8331121802330017,0.003582374658435583,0.00319866343246152,0.726127028465271,0.0009956257417798042,0.0012728854392965634,0.48769503831863403,0.0004831216938327998,0.0018977237050421536
es,okapi,Generate a scientific report of  900 words discussing the effects of global warming on the Arctic. Use Spanish.,1,32,0.8016812205314636,0.002320260042324662,0.0037926455067160227,0.6326990723609924,0.0003803627332672477,0.0025275488733313978,0.22457529604434967,0.00020560900156851858,0.0033467679750174284
es,okapi,Write in Spanish. Create a story for a children's book about a crocodile.,1,32,0.9378177523612976,0.0014185331529006362,0.0029438267617175975,0.49970757961273193,0.0010348588693886995,0.004703070968389511,0.1800825297832489,0.000589490809943527,0.0012073414206194382
es,okapi,Write a 500 word essay in Spanish on the causes of poverty.,1,32,0.7248495221138,0.0048418184742331505,0.005537246431534489,0.3100190758705139,0.0033801114186644554,0.002235076875270655,0.16986379027366638,0.0017743224743753672,0.0017144349791730444
es,sharegpt,Use Spanish. I'm interested in writing a research paper on why people disagree about morality. What are the the various disciplines and/or fields producing research that is relevant to this question?,1,32,0.9292024374008179,0.00045997946290299296,0.01115052840517213,0.4592594802379608,0.00019630853785201907,0.00421020807698369,0.22052180767059326,0.00012148985842941329,0.002551056871501108
es,sharegpt,"Respond in Spanish. Read and summarize the architecture design in ""Deep-Aligned Convolutional Neural Network for Skeleton-Based Action Recognition and Segmentation""",1,32,0.8171734809875488,0.003390096826478839,0.0028681791154667735,0.26067885756492615,0.003547986038029194,0.0025016621608907976,0.23911891877651215,0.002532196929678321,0.001247809947623561
es,sharegpt,Reply in Spanish. explain me key concepts of the economic dimension of globalization,1,32,0.8998456597328186,0.0008718363824300468,0.0032451110891997814,0.5024619698524475,0.0003701236564666033,0.0016733234709439178,0.252051442861557,0.00026391155552119017,0.0007220709812827408
es,okapi,Write a persuasive essay about why the redistribution of wealth is necessary. Answer in Spanish.,1,32,0.8877881169319153,0.0020593467634171247,0.0023740024771541357,0.4335933327674866,0.0006461580633185804,0.0016890170518308878,0.2940372824668884,0.00032985489815473557,0.0028945941012352705
es,okapi,"Reply in Spanish. Explain a common misconception about your topic.
Topic: Using AI to Augment Human Capabilities",1,32,0.9158046245574951,0.0006707952707074583,0.002161639276891947,0.5088362097740173,0.0003074520209338516,0.0014072304669146736,0.22496528923511505,0.00031081761699169874,0.0004113906664618601
es,okapi,Write a 500-word story in the horror genre. Answer in Spanish.,1,32,0.8950445652008057,0.0011831065639853477,0.0029098476516082883,0.34739887714385986,0.0003120310138911009,0.0017917819786816835,0.18065039813518524,0.00023462949320673943,0.001973571954295039
es,okapi,Reply in Spanish. Generate a scientific report of  900 words discussing the effects of global warming on the Arctic,1,32,0.8282914161682129,0.0010578908259049058,0.0028489710142215094,0.6358233690261841,0.0002729275147430599,0.000880617939401418,0.31524500250816345,0.00022428786905948073,0.0011578911216929555
es,sharegpt,Use Spanish. Taking the role of a potential collaborator - tell me about ways I could collaborate with Solugen,1,32,0.9191368222236633,0.0002620215236674994,0.0052048674163719015,0.3960535526275635,0.000577107653953135,0.0062709038611501455,0.2693483531475067,0.00045326404506340623,0.003725052267933885
es,sharegpt,"You are a medical communications expert. Please provide a summary in Spanish on how pharma companies are approaching diversity and inclusion, and health inequalities globally.  Focus on the general approach and include information on clinical trials",1,32,0.888770341873169,0.003244763473048806,0.008865614460470775,0.34691572189331055,0.0014314475702121854,0.004463175777345896,0.18222473561763763,0.0013339071301743388,0.0009886308495576184
es,sharegpt,Respond in Spanish. i am using a neural network to do object detection in documents. can you think of documents that might be very repititive that a single company would produce? and describe why they are similar and would be easy to fine tune a NN on,1,32,0.916908323764801,0.0008386496338061988,0.002875014014231662,0.36574992537498474,0.0010383205953985453,0.0016069226743032534,0.3574237823486328,0.0005099833360873163,0.0005813541841538002
es,okapi,Respond in Spanish. Write a 500 word essay on the causes of poverty.,1,32,0.8607265949249268,0.002701797289773822,0.0025806600072731576,0.334739625453949,0.0010011412668973207,0.001464599510654807,0.18269971013069153,0.0005965566379018128,0.0008384973625652492
es,okapi,Write a 500 word article about the benefits of organic food. Write in Spanish.,1,32,0.8546518683433533,0.001952465740032494,0.0049278051204358535,0.547152578830719,0.0014480776153504848,0.002341494468661646,0.32294994592666626,0.0005153814563527703,0.0030340172816067934
es,sharegpt,Respond in Spanish. what are the best analysis to perform during due diligence of enterprise software companies?,1,32,0.8849011659622192,0.0025684519205242395,0.002363175192537407,0.5700176954269409,0.0017244340851902962,0.0006395649009694656,0.3449563682079315,0.0010456396266818047,0.0008823485501731435
es,sharegpt,Write in Spanish. how can I answer the question: What types of use cases or new plugins do you want to see built?,1,23,0.8921507596969604,0.0015785699943080544,0.009209609202419719,0.4161282777786255,0.0007853744900785387,0.0020712437108159065,0.28282371163368225,0.000576324004214257,0.0009696457030562063
es,okapi,Write four articles in Spanish on the topic of cryptocurrency with a minimum of 300 words each.,1,32,0.8408278226852417,0.004131963010877371,0.011017795419320464,0.3714526891708374,0.00244697742164135,0.004147629486396909,0.18405644595623016,0.0028784896712750196,0.005849495995789766
es,complex_prompts,"From a child's perspective, compose a persuasive argument in under 250 words, explaining to their parents why they should be free to enjoy unlimited TV watching and video game playing. Respond in Spanish. Afterward, make a concise list summarizing each reason the child presents to support their request.",1,32,0.880143940448761,0.0014435314806178212,0.003555546786325673,0.3907022476196289,0.000266673625446856,0.0029012997401878238,0.22789178788661957,0.000301225867588073,0.0010940263940331836
es,sharegpt,Reply in Spanish. How does Medium's recommendation system work?,1,32,0.9111222624778748,0.0007516256300732493,0.0024606669321656227,0.6012163162231445,0.0003772517666220665,0.0015836645034141839,0.33261460065841675,0.00020050107559654862,0.0005234642594587058
es,okapi,Generate a blog post in Spanish of 500 words or less that discusses a chosen topic,1,32,0.927919328212738,0.004774756729602814,0.009140419385706386,0.6748527884483337,0.0035873777233064175,0.004644911891470353,0.20729641616344452,0.0017334718722850084,0.0020947401062585413
es,sharegpt,What are your thoughts about the future of academic libraries in the next 10 years? Write in Spanish.,1,32,0.7541794776916504,0.0054093836806714535,0.005091708541537325,0.5310525894165039,0.0009160605841316283,0.0023392301130418978,0.3474791646003723,0.0005412723985500634,0.0022501687053591013
