language,condition,n,unscorable,passes,pass_rate_scorable
de,L22H6_all,24,0,23,0.9583333333333334
de,L22H6_decode,24,0,23,0.9583333333333334
de,L22H6_prefill,24,0,24,1.0
de,L22H8_control,24,0,24,1.0
de,clean,24,0,24,1.0
es,L22H6_all,24,0,20,0.8333333333333334
es,L22H6_decode,24,0,21,0.875
es,L22H6_prefill,24,0,24,1.0
es,L22H8_control,24,0,24,1.0
es,clean,24,0,24,1.0
fr,L22H6_all,24,0,18,0.75
fr,L22H6_decode,24,0,21,0.875
fr,L22H6_prefill,24,0,23,0.9583333333333334
fr,L22H8_control,24,0,24,1.0
fr,clean,24,0,24,1.0
it,L22H6_all,24,0,0,0.0
it,L22H6_decode,24,0,0,0.0
it,L22H6_prefill,24,0,23,0.9583333333333334
it,L22H8_control,24,0,24,1.0
it,clean,24,0,24,1.0
