prompt_id,language,source,n_target_tokens,n_nearby_tokens,attention_status,n_reply_tokens_for_attention,last_prompt_h0_target_mass,last_prompt_h1_target_mass,last_prompt_h2_target_mass,last_prompt_h3_target_mass,last_prompt_h4_target_mass,last_prompt_h5_target_mass,last_prompt_h6_target_mass,last_prompt_h7_target_mass,last_prompt_h8_target_mass,last_prompt_h9_target_mass,last_prompt_h10_target_mass,last_prompt_h11_target_mass,last_prompt_h6_nearby_mass,early_reply_h0_target_mass,early_reply_h1_target_mass,early_reply_h2_target_mass,early_reply_h3_target_mass,early_reply_h4_target_mass,early_reply_h5_target_mass,early_reply_h6_target_mass,early_reply_h7_target_mass,early_reply_h8_target_mass,early_reply_h9_target_mass,early_reply_h10_target_mass,early_reply_h11_target_mass,early_reply_h6_nearby_mass,later_reply_h0_target_mass,later_reply_h1_target_mass,later_reply_h2_target_mass,later_reply_h3_target_mass,later_reply_h4_target_mass,later_reply_h5_target_mass,later_reply_h6_target_mass,later_reply_h7_target_mass,later_reply_h8_target_mass,later_reply_h9_target_mass,later_reply_h10_target_mass,later_reply_h11_target_mass,later_reply_h6_nearby_mass
0,es,complex_prompts,1,1,ok,32,2.470489744155202e-05,0.00045153347309678793,1.0915052826021565e-06,0.0022453609853982925,0.00027235576999373734,0.0007325883489102125,0.5905030965805054,0.0012521325843408704,0.0007077549234963953,0.015490680932998657,7.535843178629875e-05,0.0034700462128967047,0.0035172237548977137,0.0001849157561082393,0.0003585459489841014,9.346045408165082e-05,0.0016781872836872935,0.00025624455884099007,0.0005769953713752329,0.20799362659454346,0.0003612660220824182,0.0009444069000892341,0.005615421570837498,0.0001903073862195015,0.001354586100205779,0.0005081564886495471,3.957569788326509e-05,5.225864515523426e-05,5.302183490130119e-05,0.0005741121713072062,0.00019760263967327774,0.00030489350319840014,0.018081674352288246,0.0001019785413518548,0.00026133490609936416,0.0016536243492737412,0.00016302888980135322,0.00034963959478773177,8.022216206882149e-05
1,it,okapi,1,1,ok,32,0.0009557744488120079,0.003394846338778734,0.0004209929902572185,0.006412285380065441,0.002202597912400961,0.0053163012489676476,0.8414938449859619,0.04295735061168671,0.00540068419650197,0.024238768965005875,0.0014845444820821285,0.01597977615892887,0.002337272046133876,0.00021892855875194073,0.000628690468147397,0.0001255001698154956,0.0016016662120819092,0.0010895837331190705,0.0019951150752604008,0.5314993858337402,0.0023618200793862343,0.0017555831000208855,0.003219526493921876,0.0008094237418845296,0.004507448524236679,0.002096724696457386,8.722158963792026e-05,0.00026301012258045375,7.044804806355387e-05,0.0010817808797582984,0.00046485228813253343,0.0018687780248001218,0.17211392521858215,0.003702786983922124,0.0014339758781716228,0.002592645585536957,0.0008184578036889434,0.0031821110751479864,0.0012842658907175064
2,fr,complex_prompts,1,1,ok,32,0.00015014861128292978,0.0018303976394236088,1.7824225650997505e-08,0.0028264012653380632,0.001091116457246244,0.002460394287481904,0.6949588656425476,0.02121584862470627,0.0007051615393720567,0.006461392156779766,0.001571601489558816,0.006312472280114889,0.0035593309439718723,0.00015196549065876752,0.0006056866841390729,2.511186721676495e-05,0.0008554121013730764,0.0012772531481459737,0.0012033692328259349,0.20122340321540833,0.00619041221216321,0.0006802401039749384,0.004223393741995096,0.0023438422940671444,0.005728637799620628,0.0016129681607708335,3.997571184299886e-05,0.00010244860459351912,8.917154627852142e-05,0.0007189225871115923,0.0009085866622626781,0.0008039834210649133,0.08513512462377548,0.0016291518695652485,0.0016187714645639062,0.0017647490603849292,0.001556161674670875,0.003593266708776355,0.0010502409422770143
3,it,okapi,1,1,ok,32,0.0003700218512676656,0.008174239657819271,8.832722232909873e-05,0.004656186327338219,0.0043855998665094376,0.004535767249763012,0.6047103404998779,0.018279293552041054,0.0020427352283149958,0.013920015655457973,0.0015897817211225629,0.0038340436294674873,0.0012565398355945945,0.0001369620586046949,0.0007597345975227654,0.00014029393787495792,0.0018459174316376448,0.012278275564312935,0.011357728391885757,0.48986274003982544,0.10289985686540604,0.02765236794948578,0.027010031044483185,0.008217067457735538,0.02042929269373417,0.0003366635355632752,0.0001650481135584414,0.0012666380498558283,0.00026484730187803507,0.002450064057484269,0.005392071325331926,0.00845859944820404,0.09078581631183624,0.024279773235321045,0.018717002123594284,0.011932780034840107,0.0043136621825397015,0.005247552879154682,0.00023128614702727646
4,es,sharegpt,1,1,ok,32,0.0025433737318962812,0.0021661429200321436,2.00434850938791e-08,0.004090395290404558,0.00945622194558382,0.011829269118607044,0.9262253642082214,0.08225187659263611,0.0026256460696458817,0.0038056818302720785,0.00021996721625328064,0.005682874470949173,0.0012130156392231584,0.0001278626441489905,0.0010141755919903517,0.00022726117458660156,0.002145073376595974,0.0026142753195017576,0.004262982867658138,0.6508051156997681,0.01753513514995575,0.0011735688894987106,0.002000860869884491,0.0014391851145774126,0.010139343328773975,0.000465290155261755,6.828974437667057e-05,0.0002142713055945933,0.00017902317631524056,0.0008980269776657224,0.00035702987224794924,0.0011430929880589247,0.40939193964004517,0.0017053310293704271,0.0008409441215917468,0.00044200473348610103,0.000986786442808807,0.0018487995257601142,0.0002907416201196611
5,it,okapi,1,1,ok,32,0.000275473459623754,0.0020787054672837257,0.00041460737702436745,0.0033173218835145235,0.0015562530606985092,0.0042404732666909695,0.9703137874603271,0.026717087253928185,0.0006518146255984902,0.006820354610681534,0.0001814994466258213,0.008975858800113201,0.0011049850145354867,1.6485493688378483e-05,0.00033732925658114254,0.002117396565154195,0.0012043594615533948,0.0009158299071714282,0.0007911477005109191,0.626376211643219,0.0017837402410805225,0.0005914712091907859,0.0007617697701789439,0.00017520456458441913,0.003903375007212162,0.002350647235289216,0.00017110230692196637,0.00017087170272134244,0.00011389308201614767,0.0007895365706644952,0.0014811712317168713,0.0021035452373325825,0.37593626976013184,0.0020718511659651995,0.0008300094050355256,0.0009533194825053215,0.00019684499420691282,0.0047697569243609905,0.001645695068873465
6,de,sharegpt,1,1,ok,32,5.54991711396724e-05,0.004562825430184603,1.4164220374368597e-06,0.0014415085315704346,0.007041086908429861,0.01172926276922226,0.5704118609428406,0.0614674910902977,0.0012179078767076135,0.028264757245779037,0.0011199959553778172,0.022324323654174805,0.003266202285885811,7.040909258648753e-05,0.0010920041240751743,0.00010145558189833537,0.002648876514285803,0.002919531427323818,0.002509025391191244,0.30156952142715454,0.003753654658794403,0.0010929880663752556,0.009244654327630997,0.0013053938746452332,0.0024791578762233257,0.0008658411679789424,0.00014275334251578897,0.0005046673468314111,8.655413694214076e-05,0.0017259377054870129,0.0006676648044958711,0.0012686129193753004,0.15692271292209625,0.00034268744639120996,0.00042802022653631866,0.0020334264263510704,0.00047856898163445294,0.0002973874507006258,0.0005163525929674506
7,it,sharegpt,1,1,ok,32,0.0004933976451866329,0.0050345975905656815,0.0001295976690016687,0.0038789543323218822,0.003150917822495103,0.0034177396446466446,0.7957953214645386,0.08449968695640564,0.004799992311745882,0.002217309083789587,0.00010158766235690564,0.01518969889730215,0.0010894958395510912,6.945185305085033e-05,0.0004606420989148319,1.9547902411432005e-05,0.002668136265128851,0.0014220078010112047,0.0007736557745374739,0.2915273606777191,0.0022951767314225435,0.000765082542784512,0.0007917628390714526,0.00015238668129313737,0.002676451113075018,0.0004948740242980421,0.00023800868075340986,0.00037286686711013317,0.0001737997808959335,0.002728512743487954,0.00029705718043260276,0.0003627207479439676,0.11737276613712311,0.0011017285287380219,0.0007623296696692705,0.0007351232343353331,0.0001494187890784815,0.003390114288777113,0.000248850294156
8,fr,sharegpt,1,1,ok,32,0.00016656925436109304,0.007492750883102417,5.821007289341651e-05,0.0017952579073607922,0.0008946876623667777,0.002205254277214408,0.8603395223617554,0.019920753315091133,0.002106798579916358,0.03389284759759903,0.0016604389529675245,0.017983315512537956,0.0015504900366067886,0.000254464044701308,0.00207031168974936,0.00010425574146211147,0.0031381119042634964,0.003499542362987995,0.00497039407491684,0.3503807783126831,0.018439937382936478,0.004356435500085354,0.010096133686602116,0.003032444277778268,0.015976518392562866,0.000951983907725662,0.00018100900342687964,0.0004118351498618722,0.0004811576509382576,0.0030265431851148605,0.0022411153186112642,0.0024541981983929873,0.12251691520214081,0.0028507807292044163,0.0028907149098813534,0.004570543300360441,0.0017627219203859568,0.0035729720257222652,0.0002476401859894395
9,de,okapi,1,1,ok,32,0.00017096030933316797,0.0046077449806034565,9.379133913967053e-09,0.003361284267157316,0.003536352887749672,0.005484497174620628,0.8631682991981506,0.02630842849612236,0.0009625653037801385,0.03713345527648926,0.0007125862175598741,0.011701863259077072,0.0040076905861496925,0.0002262612251797691,0.0008915652288123965,0.0005969019839540124,0.00173503952100873,0.0033283750526607037,0.004283307585865259,0.2740817666053772,0.023582737892866135,0.004790637642145157,0.017547406256198883,0.0017265211790800095,0.015895765274763107,0.0010259731207042933,7.874677248764783e-05,0.0002656919532455504,8.210769010474905e-05,0.0010693295625969768,0.0006844609742984176,0.0014364337548613548,0.13599294424057007,0.0022194634657353163,0.0014765288215130568,0.0029283652547746897,0.0008478472591377795,0.0037237147334963083,0.0013098116032779217
10,es,complex_prompts,1,1,ok,32,0.0005240803002379835,0.004936752375215292,2.3699260054854676e-05,0.00602288544178009,0.0021459830459207296,0.0037402245216071606,0.9672099351882935,0.05002827197313309,0.0012161333579570055,0.011015201918780804,0.002342506544664502,0.010123847052454948,0.0010136315831914544,0.0003632733132690191,0.0008617532439529896,0.00016518258780706674,0.004182798322290182,0.002196751069277525,0.0019351046066731215,0.5844396352767944,0.011430120095610619,0.0011687329970300198,0.002311477903276682,0.0022877859883010387,0.007777363993227482,0.0013311936054378748,0.00017280937754549086,0.00041426889947615564,0.0005126254400238395,0.0017075074138119817,0.0010952155571430922,0.0016340392176061869,0.24486757814884186,0.003315891372039914,0.000961459067184478,0.0023393863812088966,0.0005509549519047141,0.007664806209504604,0.0008919995743781328
11,fr,sharegpt,1,1,ok,32,8.819332288112491e-05,0.0015735527267679572,1.4821775096152123e-07,0.0012514123227447271,0.005809582769870758,0.0027704061940312386,0.8601883053779602,0.013638089410960674,0.0032260767184197903,0.006315300706773996,0.00068184599513188,0.014365091919898987,0.0014714563731104136,3.477979771560058e-05,0.00014846872363705188,9.644357305660378e-06,0.0002779603819362819,0.003326829755678773,0.0025287631433457136,0.39389359951019287,0.09369552135467529,0.005055418238043785,0.003617621958255768,0.0065359435975551605,0.034186653792858124,0.001583511009812355,1.1950578482355922e-05,6.51599548291415e-05,7.470590207958594e-05,0.00026172117213718593,0.0016249496256932616,0.0011289537651464343,0.162395641207695,0.003375218017026782,0.00137526192702353,0.00143524631857872,0.000695185037329793,0.003822349477559328,0.001379969995468855
12,es,sharegpt,1,1,ok,32,0.00019967160187661648,0.0011001282837241888,1.615541441424284e-05,0.0040088496170938015,0.002615391043946147,0.008596903644502163,0.9204408526420593,0.03145398199558258,0.0009997106390073895,0.04396401345729828,0.0016083552036434412,0.027514604851603508,0.00523016881197691,0.00020228218636475503,0.00035411014687269926,6.137810123618692e-05,0.002205556258559227,0.001282228622585535,0.002905186265707016,0.5611485242843628,0.0058479905128479,0.0008586777839809656,0.00563633069396019,0.001811406807973981,0.0042121522128582,0.003822063095867634,0.0008497078088112175,0.000635781732853502,0.0003083344199694693,0.0032429902348667383,0.002515306929126382,0.0017104657599702477,0.21771572530269623,0.005740950349718332,0.0012021261500194669,0.002251895610243082,0.001256765564903617,0.0032918660435825586,0.0022910255938768387
13,fr,sharegpt,1,1,ok,32,0.0017938106320798397,0.003321293042972684,1.5170058986768709e-07,0.006800188682973385,0.0018259873613715172,0.006058960221707821,0.7389789819717407,0.06824201345443726,0.0022407686337828636,0.014513957314193249,0.002265423769131303,0.020421389490365982,0.002277626655995846,0.0002030280593317002,0.0008362182416021824,0.00011050798639189452,0.002262941561639309,0.0006551995757035911,0.0029390505515038967,0.419242262840271,0.006182481534779072,0.002027014968916774,0.0027422907296568155,0.0018004741286858916,0.007665521465241909,0.0018895904067903757,0.0007304457249119878,0.001002169563435018,0.0002961666905321181,0.0030052512884140015,0.001799110323190689,0.0013756644912064075,0.17099757492542267,0.0019088403787463903,0.0007101208320818841,0.001483734231442213,0.0012879841960966587,0.0022898134775459766,0.0008464393322356045
14,de,complex_prompts,1,1,ok,32,0.00017467040743213147,0.0003425028407946229,0.000330055074300617,0.0009982488118112087,0.0006391151109710336,0.0008819290669634938,0.4215552508831024,0.05231183022260666,0.001805162988603115,0.023836446925997734,0.0056087542325258255,0.10602976381778717,0.002590625314041972,0.00041558948578312993,0.001213105977512896,0.0006371858180500567,0.002382792066782713,0.002406772691756487,0.003911455627530813,0.1443818062543869,0.012874044477939606,0.0038068050052970648,0.010269257239997387,0.0034166318364441395,0.026900527998805046,0.0006969946552999318,7.492945587728173e-05,0.00047079045907594264,2.8714188374578953e-05,0.0007265789317898452,0.0009432687074877322,0.0006144131766632199,0.14200571179389954,0.0013605679851025343,0.002361798658967018,0.005548188462853432,0.0024325503036379814,0.01149743515998125,0.00015961940516717732
15,es,complex_prompts,1,1,ok,32,0.0009056900744326413,0.004020516760647297,8.903512207325548e-05,0.004738935735076666,0.0019774639513343573,0.003818728495389223,0.8684147596359253,0.04066427797079086,0.004049408249557018,0.015060391277074814,0.004967108368873596,0.02142709121108055,0.0016391315730288625,0.0005524381995201111,0.003518548794090748,0.0001683220179984346,0.008219697512686253,0.007416239939630032,0.008373581804335117,0.30904775857925415,0.0457460954785347,0.004860547371208668,0.009010921232402325,0.01009567640721798,0.019034091383218765,0.0013002553023397923,0.00015669528511352837,0.000694715534336865,0.0007597720832563937,0.005015152972191572,0.0017398652853444219,0.001833947142586112,0.07715111970901489,0.0007015557494014502,0.001343758194707334,0.001993060577660799,0.0007150510209612548,0.0014419973595067859,0.00012439987040124834
16,es,sharegpt,1,1,ok,32,0.0015643094666302204,0.004945272579789162,0.00010627752635627985,0.004901184234768152,0.002931529190391302,0.004261761903762817,0.8844194412231445,0.011308600194752216,0.0012170921545475721,0.0036942625883966684,0.0023388564586639404,0.007331044413149357,0.001575871603563428,0.00037411361699923873,0.000565758440643549,0.00012157172022853047,0.002600431675091386,0.0005243509076535702,0.001122353132814169,0.7667016983032227,0.0011536250822246075,0.0005905776633881032,0.0017968772444874048,0.0008212927496060729,0.0016492446884512901,0.00034315924858674407,0.00037397834239527583,0.0017812446458265185,0.0002662344486452639,0.002572191646322608,0.003330019535496831,0.006967226043343544,0.5426540374755859,0.014298931695520878,0.0013363820035010576,0.0017797097098082304,0.00277783558703959,0.008980433456599712,0.0002565810864325613
17,es,okapi,1,1,ok,32,0.0012460938887670636,0.0029630609788000584,2.604210713741395e-08,0.004736403468996286,0.0030701342038810253,0.005271068774163723,0.9480927586555481,0.04687177762389183,0.0015198001638054848,0.026731252670288086,0.003181176958605647,0.02916843816637993,0.002871599979698658,0.00042480987031012774,0.0005289973923936486,0.00034623287501744926,0.0026435144245624542,0.0018286777194589376,0.005795677658170462,0.6757380962371826,0.019284788519144058,0.003332220483571291,0.005774470046162605,0.002543582348152995,0.01551949605345726,0.003270639106631279,5.591943772742525e-05,9.990028047468513e-05,0.00012727320427075028,0.00045073474757373333,0.0008844439289532602,0.0016659237444400787,0.29349997639656067,0.007357361726462841,0.002927369438111782,0.003577518742531538,0.001118899672292173,0.009340769611299038,0.0022641317918896675
18,it,complex_prompts,1,1,ok,32,3.825755629804917e-05,0.004329754505306482,2.498056346666999e-06,0.000988635583780706,0.0009130918188020587,0.0027179059106856585,0.058006469160318375,0.04785382002592087,0.0015952829271554947,0.04506080225110054,0.0007868134416639805,0.07249540090560913,0.0003942911571357399,7.01230328559177e-06,0.0005484640132635832,1.5356183666881407e-06,0.001275571878068149,0.002163406228646636,0.0024371943436563015,0.0743800550699234,0.012782498262822628,0.00402288231998682,0.013959447853267193,0.0008673525881022215,0.020209770649671555,0.0007691426435485482,3.6644898500526324e-05,0.0001970581361092627,0.0003164174559060484,0.0007668149191886187,0.0015463265590369701,0.0011545366141945124,0.24369412660598755,0.0022007720544934273,0.0010601284448057413,0.0022978191263973713,0.00032749594538472593,0.0034255278296768665,0.00044451587018556893
19,es,okapi,1,1,ok,32,0.00013038450560998172,0.0025320753920823336,4.7103881684051885e-07,0.0037429218646138906,0.005357035901397467,0.006560833193361759,0.9155727028846741,0.09996116906404495,0.0018793977797031403,0.032477278262376785,0.0049521285109221935,0.02678971365094185,0.0017599568236619234,0.00040602919762022793,0.00270592188462615,0.00350809539668262,0.004251740872859955,0.004222254268825054,0.0076460810378193855,0.30735987424850464,0.07967288047075272,0.0013403171906247735,0.015775393694639206,0.005044786259531975,0.025651751086115837,0.0024205422960221767,5.442290421342477e-05,0.0003227218985557556,8.816079935058951e-05,0.002347217872738838,0.001259306096471846,0.0014483771519735456,0.1011250764131546,0.002311904449015856,0.0012946671340614557,0.005310179200023413,0.0032314721029251814,0.0035989247262477875,0.0012940288288518786
20,de,sharegpt,1,1,ok,32,0.0014998498372733593,0.002699522068724036,5.163812602404505e-05,0.008468125015497208,0.006442192941904068,0.008220376446843147,0.5287443995475769,0.06225183606147766,0.0026699474547058344,0.026080818846821785,0.0003570720728021115,0.005244086496531963,0.005838687997311354,0.0003152712597511709,0.001137979794293642,0.00015281069499906152,0.003380801994353533,0.006125977728515863,0.003759535262361169,0.28329554200172424,0.017126208171248436,0.004576727282255888,0.0046048033982515335,0.0014032183680683374,0.0076402476988732815,0.003134777070954442,0.0006967645604163408,0.0007868550019338727,0.0007520358776673675,0.0026557811070233583,0.005547764711081982,0.0029897689819335938,0.4091348350048065,0.00942467525601387,0.0029340626206249,0.0033064435701817274,0.00103510613553226,0.003547188127413392,0.0018570870161056519
21,es,complex_prompts,1,1,ok,32,2.716032395255752e-05,0.0011160766007378697,3.488675019980292e-06,0.0012463594321161509,0.0023126923479139805,0.0022160401567816734,0.2628662884235382,0.10312912613153458,0.0011377778137102723,0.008963285014033318,0.0015785754658281803,0.07703489065170288,0.0008801894728094339,6.296829087659717e-05,0.0002985153696499765,0.00015932397218421102,0.00037843617610633373,0.0026039923541247845,0.0016727318288758397,0.08533346652984619,0.010692400857806206,0.0007696456741541624,0.003999887499958277,0.0009712480241432786,0.01775319315493107,0.00041734823025763035,1.3208986274548806e-05,7.914234447525814e-05,6.21909202891402e-05,0.0003830453788395971,0.0010935298632830381,0.0005559831624850631,0.06250394880771637,0.008258244022727013,0.0007274157251231372,0.0005419993540272117,0.00043868168722838163,0.003841800382360816,0.00018224857922177762
22,de,sharegpt,1,1,ok,32,0.0011848575668409467,0.008510524407029152,5.9679110563592985e-05,0.004283729940652847,0.004079162143170834,0.0074881017208099365,0.7451109290122986,0.01186558697372675,0.0018146445509046316,0.014263354241847992,0.0011831480078399181,0.0050366660580039024,0.0019137454219162464,0.0008668455993756652,0.0007759301224723458,0.0002933184732683003,0.0027314263861626387,0.0009723223047330976,0.0023466115817427635,0.5260120630264282,0.002572465455159545,0.0011805868707597256,0.002911406336352229,0.0009799296967685223,0.004622641485184431,0.0006342320702970028,0.0006028262432664633,0.0026181184221059084,0.0002951140340883285,0.0024077885318547487,0.0028995489701628685,0.004002481233328581,0.28749266266822815,0.005224859341979027,0.00116307835560292,0.0024216247256845236,0.0012863778974860907,0.0028002820909023285,0.000418799085309729
23,it,sharegpt,1,1,ok,32,0.00033267505932599306,0.006249831058084965,3.973240382038057e-05,0.002278279047459364,0.00260544684715569,0.00778921227902174,0.9724137783050537,0.048543233424425125,0.0018370745237916708,0.0071671768091619015,0.0004356620484031737,0.014716967940330505,0.0003239812212996185,0.00013170742022339255,0.0010377608705312014,0.0008175622206181288,0.0025279365945607424,0.0017045354470610619,0.0021776300854980946,0.512550950050354,0.01928078383207321,0.0015968838706612587,0.002986354986205697,0.0005475282086990774,0.007167642470449209,0.0004357966245152056,2.992205372720491e-05,0.0002172043896280229,0.0001708439231151715,0.0007659259135834873,0.000497586908750236,0.001085185562260449,0.1534978300333023,0.002101136138662696,0.0004968909779563546,0.001063368865288794,0.00028168794233351946,0.0013603533152490854,0.00025497394381091
24,fr,sharegpt,1,1,ok,32,0.0007333161775022745,0.005402469541877508,0.0004692200163844973,0.0060634491965174675,0.0037960249464958906,0.004532735329121351,0.5814551711082458,0.014399168081581593,0.0018978656735271215,0.010578114539384842,0.0016734052915126085,0.0062567866407334805,0.0065923635847866535,0.00018112875113729388,0.001355927437543869,0.00022260718105826527,0.004925047047436237,0.0014250071253627539,0.003997878171503544,0.2521956264972687,0.004116720519959927,0.0025741755962371826,0.00536886602640152,0.002095697447657585,0.0037820995785295963,0.0016835920978337526,0.0002744470548350364,0.001355849439278245,0.00040208338759839535,0.004333713091909885,0.0020303719211369753,0.0026639949064701796,0.16666755080223083,0.0020588994957506657,0.0007280429708771408,0.002044073073193431,0.0012339053209871054,0.0019525260431692004,0.0013279978884384036
25,it,sharegpt,1,1,ok,32,0.0017320042243227363,0.007621029391884804,3.076172652072273e-05,0.003642918774858117,0.0033362596295773983,0.004962909501045942,0.8458309769630432,0.0287528894841671,0.0021924152970314026,0.0037058223970234394,0.0009248130372725427,0.013614505529403687,0.003044555662199855,0.0002577942796051502,0.0008920776890590787,0.0002947708126157522,0.0023139778058975935,0.0005266666994430125,0.0015422594733536243,0.8443378210067749,0.010108374059200287,0.0017394713358953595,0.0020851956214755774,0.0012759551173076034,0.017629504203796387,0.0009842512663453817,5.671006510965526e-05,0.00016401095490437,0.00032756157452240586,0.00045031399349682033,0.00027228929684497416,0.0005504150758497417,0.5758376717567444,0.0020015311893075705,0.00042625502101145685,0.0009320106473751366,0.0001714083191473037,0.0026511645410209894,0.0003022958408109844
26,es,okapi,1,1,ok,32,0.0018935466650873423,0.0027451433707028627,0.0003055447887163609,0.005200343206524849,0.004762446973472834,0.005572921130806208,0.911442220211029,0.06909450143575668,0.0024625014048069715,0.028033820912241936,0.0017712351400405169,0.024556374177336693,0.004766999743878841,0.00030773045727983117,0.000550040160305798,0.00013187476724851876,0.0021225393284112215,0.0023117070086300373,0.005021410994231701,0.5397910475730896,0.010141344740986824,0.00449882447719574,0.010178320109844208,0.0042893243953585625,0.012933621183037758,0.007587837055325508,0.0007373404805548489,0.00025717931566759944,9.638000483391806e-05,0.0025767511688172817,0.0024413985665887594,0.0019399725133553147,0.157846137881279,0.00403048237785697,0.003863711841404438,0.006326115690171719,0.0013397601433098316,0.003968396224081516,0.0030175489373505116
27,de,sharegpt,1,1,ok,32,0.0018045322503894567,0.007844548672437668,4.532247839961201e-05,0.006409551948308945,0.002985210157930851,0.00425338838249445,0.6002630591392517,0.02051367796957493,0.002336797770112753,0.018893001601099968,0.002095257630571723,0.008481113240122795,0.004242658149451017,0.0005468082381412387,0.0012405302841216326,0.00011520120460772887,0.0040214937180280685,0.0022975574247539043,0.0022934202570468187,0.4126966893672943,0.05746987462043762,0.001652239472605288,0.02318975143134594,0.007333534304052591,0.01810608059167862,0.0009272362804040313,0.0005480736144818366,0.0009580885525792837,0.00048411698662675917,0.0018290741136297584,0.0005817716591991484,0.0016494262963533401,0.3345128297805786,0.0075672948732972145,0.0006075370474718511,0.00566827179864049,0.0015119542367756367,0.003654763102531433,0.0002472793566994369
28,es,complex_prompts,1,1,ok,32,2.2428068405133672e-05,0.0004840893961954862,4.363869720691582e-06,0.00022682914277538657,0.00034185382537543774,0.0008425517589785159,0.8490283489227295,0.029020311310887337,0.0020697182044386864,0.023434577509760857,0.0022521938662976027,0.01731025241315365,0.00023223728931043297,5.647515536111314e-06,0.00018878758419305086,3.29441763824434e-06,0.00014915686915628612,0.0003201715589966625,0.0007327998755499721,0.49958187341690063,0.002610445022583008,0.0016253129579126835,0.0024586853105574846,0.0003482925530988723,0.0038385021034628153,3.3733849704731256e-05,5.173488716536667e-06,5.651282845064998e-05,1.1949820873269346e-05,0.00016955166938714683,0.00015728471043985337,0.00010753482638392597,0.04610167071223259,0.0003329733444843441,0.00048705158405937254,0.0007871558191254735,0.00012958675506524742,0.0008683413616381586,1.6679790860507637e-05
29,de,sharegpt,1,1,ok,32,0.0018390859477221966,0.008528311736881733,3.6776193155674264e-05,0.005160091444849968,0.0016221989644691348,0.002259810920804739,0.710929811000824,0.0049665700644254684,0.0015391269698739052,0.013463784009218216,0.0003180156636517495,0.0037964731454849243,0.003261686535552144,0.0004539522051345557,0.0008625432383269072,0.0003590078849811107,0.0021630434785038233,0.000875959056429565,0.00108550232835114,0.1500198245048523,0.00041537932702340186,0.0004957615747116506,0.0014516860246658325,0.0005840279045514762,0.0022540916688740253,0.0011298056924715638,0.0003419381391722709,0.0013469753321260214,0.0004490713181439787,0.003394099185243249,0.001184286316856742,0.0017592048970982432,0.15521807968616486,0.0033359883818775415,0.0008620524895377457,0.0018067987402901053,0.0004957118653692305,0.001837639370933175,0.0008525312296114862
30,fr,okapi,1,1,ok,32,0.0009488421492278576,0.008652344346046448,2.8559354177559726e-05,0.004709628410637379,0.00227937288582325,0.00434143515303731,0.8852477669715881,0.07899164408445358,0.0017836616607382894,0.010632109828293324,0.0024364071432501078,0.02085057459771633,0.001512781367637217,0.00025927225942723453,0.0018070973455905914,7.754805847071111e-05,0.0023717149160802364,0.003443598747253418,0.002951277419924736,0.49276694655418396,0.008513418957591057,0.0019148322753608227,0.0028814009856432676,0.0014783672522753477,0.005041875876486301,0.0018645711243152618,0.00014465517597272992,0.0004063252708874643,0.0003234553150832653,0.003407935844734311,0.001998735824599862,0.001768611604347825,0.22528664767742157,0.0013748242054134607,0.0012819269904866815,0.001385879935696721,0.0007353631081059575,0.0022481619380414486,0.0009004934690892696
31,es,complex_prompts,1,1,ok,32,0.0003738020604941994,0.005186225287616253,2.8707952878903598e-05,0.001909647835418582,0.0002639535814523697,0.0020142891444265842,0.9369109869003296,0.005287593696266413,0.000781953742261976,0.0035621796268969774,0.0003507446963340044,0.004686444997787476,0.000902921543456614,0.0003759911342058331,0.0012802017154172063,0.0002296712773386389,0.0036053904332220554,0.0024897034745663404,0.005319387651979923,0.5013216137886047,0.008145468309521675,0.000889703631401062,0.009395146742463112,0.002873349469155073,0.005766410380601883,0.0007681538118049502,0.00011057202209485695,0.0002108643966494128,0.00020243127073626965,0.001305615995079279,0.00028135781758464873,0.0008080224506556988,0.13048194348812103,0.0003829195920843631,0.00045152485836297274,0.0013986654812470078,0.000571420241612941,0.0022698622196912766,0.00018962667672894895
32,es,complex_prompts,1,1,ok,32,0.0002781536604743451,0.002468241611495614,2.621796738822013e-05,0.003613784210756421,0.0008298013126477599,0.001872762106359005,0.6104035973548889,0.007361589930951595,0.0009683556272648275,0.0026935848873108625,0.001079808920621872,0.002014290541410446,0.002150985412299633,0.0001402363704983145,0.0008805083343759179,0.00016193566261790693,0.001759655075147748,0.0008991451468318701,0.0018501563463360071,0.5012037754058838,0.005389840342104435,0.0013799142325296998,0.006057686172425747,0.0016000582836568356,0.004787846002727747,0.0005923825083300471,3.5683955502463505e-05,0.00021694827592000365,0.00017345583182759583,0.0010653664357960224,0.0011025200365111232,0.0012853979133069515,0.31671762466430664,0.0019006719812750816,0.0009564677602611482,0.0019400442251935601,0.0009331195033155382,0.003490028204396367,0.00033741866354830563
33,de,okapi,1,1,ok,32,0.001149470335803926,0.00824583787471056,2.6184559828834608e-05,0.006361059844493866,0.0024070136714726686,0.006075455341488123,0.7308457493782043,0.02307283878326416,0.0020487564615905285,0.03193189203739166,0.001846797182224691,0.004604009445756674,0.000991463428363204,0.001120211323723197,0.0017945226281881332,0.0003196570905856788,0.0026104722637683153,0.001330808037891984,0.001425245893187821,0.3474573791027069,0.00393439456820488,0.0010836829897016287,0.0037586833350360394,0.0017931711627170444,0.0020320331677794456,0.0003682822862174362,0.0002604193869046867,0.0008850882295519114,0.00013459878391586244,0.0018750593299046159,0.0006527347723022103,0.0026318056043237448,0.2427515685558319,0.0033524881582707167,0.0009130727266892791,0.0022289969492703676,0.002320490777492523,0.002122903475537896,0.00017871732416097075
34,it,complex_prompts,1,1,ok,32,0.00026558039826340973,0.0008715332951396704,1.2318926110310713e-06,0.004411390051245689,0.0016594028566032648,0.0016446071676909924,0.8182314038276672,0.0012516705319285393,0.0017578729894012213,0.020201068371534348,2.801398659357801e-05,0.004108109977096319,0.0023648133501410484,1.0862267117772717e-05,0.00010828790254890919,2.214795858890284e-05,0.0018389956094324589,0.0006118261953815818,0.0003002584562636912,0.02408389002084732,0.00023396404867526144,0.0005665922071784735,0.002144811674952507,0.00013440227485261858,0.003025295678526163,0.0002869672898668796,0.00031853505061008036,0.00011536222154973075,0.00030928218620829284,0.001270960085093975,8.285204239655286e-05,0.00012118861195631325,0.007592702750116587,9.928661893354729e-05,0.0002160501608159393,0.0005646598874591291,5.7179298892151564e-05,0.000525123905390501,7.144184928620234e-05
35,fr,sharegpt,1,1,ok,32,0.00061151257250458,0.005896232556551695,5.437287472886965e-05,0.004094533622264862,0.0018874951638281345,0.0032575868535786867,0.830143392086029,0.05190325528383255,0.0012658676132559776,0.003918262664228678,0.0008884230046533048,0.01026704628020525,0.0023842586670070887,0.000368265260476619,0.0016598304500803351,0.0001795542484614998,0.0025739597622305155,0.0035378802567720413,0.003800010308623314,0.4491972327232361,0.016212670132517815,0.0018377962987869978,0.0047434670850634575,0.0038024447858333588,0.01726001687347889,0.002983646234497428,0.00032933091279119253,0.001070143305696547,0.00013675325317308307,0.002752654952928424,0.0028296431992202997,0.0018186906818300486,0.34010887145996094,0.0055047753266990185,0.002377578755840659,0.007183801848441362,0.00228417431935668,0.015761876478791237,0.0014644820475950837
36,de,complex_prompts,1,1,ok,32,0.0013648682506754994,0.01619722507894039,7.063968223519623e-05,0.007472242694348097,0.0012574860593304038,0.004554050508886576,0.6086817383766174,0.005005917511880398,0.0016316664405167103,0.019387023523449898,0.0009180261986330152,0.0019724525045603514,0.0020199266728013754,0.0003326007863506675,0.001966621959581971,0.00019480357877910137,0.007830902934074402,0.00030149079975672066,0.0014659854350611567,0.43796244263648987,0.003610919462516904,0.0020966813899576664,0.012598920613527298,0.002162337303161621,0.0033912016078829765,0.0016159965889528394,0.00020992958161514252,0.0006538169109262526,0.0009795211954042315,0.0037473952397704124,0.0008754941518418491,0.0022602917160838842,0.10857447236776352,0.003434845246374607,0.0015497611602768302,0.002433874411508441,0.0012986023211851716,0.0014037658693268895,0.00022908578102942556
37,fr,okapi,1,1,ok,32,0.0008600399014540017,0.005627815145999193,2.601464643703366e-08,0.0071647148579359055,0.007014766801148653,0.007085587829351425,0.6486251950263977,0.017186345532536507,0.0005938673275522888,0.003639294533059001,0.0009616823517717421,0.012346751987934113,0.0024673750158399343,0.0004816813743673265,0.0006785390432924032,0.0002232166298199445,0.0019768427591770887,0.0027481475844979286,0.0060076359659433365,0.19832661747932434,0.009456655010581017,0.0008059780229814351,0.000935108051635325,0.0017036539502441883,0.02633310668170452,0.0009561629849486053,5.981412323308177e-05,0.00042413236224092543,7.747605559416115e-05,0.0005973950028419495,0.00378394010476768,0.0040091159753501415,0.11520406603813171,0.010574138723313808,0.0013341349549591541,0.0012532600667327642,0.0013795908307656646,0.01210427563637495,0.0009210446150973439
38,es,complex_prompts,1,1,ok,32,1.2167655768280383e-05,0.00045823302934877574,2.5960938287994395e-08,0.0005854087066836655,0.0003908626677002758,0.0017450711457058787,0.6776165962219238,0.017161980271339417,0.00035606464371085167,0.0019335208926349878,0.000877285492606461,0.004488194826990366,0.0013030128320679069,5.686991244147066e-06,0.0002677181037142873,1.756392521201633e-05,0.0008870053570717573,0.0015767227159813046,0.0019433721899986267,0.25530970096588135,0.016938265413045883,0.0010423579951748252,0.0019273695070296526,0.0020920829847455025,0.0065056090243160725,0.0008212723187170923,2.582512934168335e-05,0.00034473164123483,0.00012295226042624563,0.0005146781913936138,0.0003759881656151265,0.0008661137544550002,0.18283259868621826,0.0031769697088748217,0.0004825807991437614,0.0010250448249280453,0.002115097129717469,0.00753739383071661,0.00048153047100640833
39,it,okapi,1,1,ok,32,0.0005706348456442356,0.010113092139363289,7.320688018808141e-05,0.0044732242822647095,0.0012511422391980886,0.0017208090284839272,0.9035604000091553,0.015263416804373264,0.0015033226227387786,0.009605235420167446,0.0003325346624478698,0.015816334635019302,0.0021561100147664547,0.00024870102060958743,0.00035853867302648723,0.0004111178277526051,0.0019282293505966663,0.0015342030674219131,0.0022662575356662273,0.32399582862854004,0.00974741019308567,0.0017820291686803102,0.00864782277494669,0.0010032029822468758,0.017379891127347946,0.0009704033145681024,0.00022058554168324918,0.0005018206429667771,0.0006444627069868147,0.0031231383327394724,0.0005909025785513222,0.0012412543874233961,0.05529257655143738,0.0021430286578834057,0.0018109815428033471,0.003954384941607714,0.0012630452401936054,0.003524460829794407,0.0002951056812889874
40,de,okapi,1,1,ok,32,0.0008397317142225802,0.004629426635801792,3.349178587086499e-05,0.013545868918299675,0.0036619529128074646,0.006951286923140287,0.8887706995010376,0.07889340817928314,0.0027406089939177036,0.02347492054104805,0.002940347883850336,0.02055210992693901,0.0008268644451163709,0.0007047749240882695,0.0022608295548707247,7.875949086155742e-05,0.005190311931073666,0.006640867330133915,0.005048962309956551,0.5650617480278015,0.09173595905303955,0.002151196589693427,0.008152958005666733,0.0048218704760074615,0.018212702125310898,0.00044377907761372626,0.00013717445835936815,0.00027093474636785686,0.00019118632189929485,0.0013587814755737782,0.0020345423836261034,0.0018645081436261535,0.2813526391983032,0.009273510426282883,0.002276672748848796,0.004020639695227146,0.0015909104840829968,0.004559956956654787,0.00026239140424877405
41,it,sharegpt,1,1,ok,32,0.00021993137488607317,0.003527001477777958,0.000722925818990916,0.005521085113286972,0.0014857614878565073,0.0020827536936849356,0.5865024328231812,0.09254614263772964,0.002434958005324006,0.017687179148197174,0.0007696115062572062,0.027104873210191727,0.0016601908719167113,3.517079312587157e-05,0.0003668495046440512,6.479447620222345e-05,0.00257736723870039,0.0006155348382890224,0.0034838630817830563,0.3193722069263458,0.03775469586253166,0.0025603852700442076,0.012772602960467339,0.0017406129045411944,0.029973570257425308,0.0008031567558646202,0.00014198472490534186,0.00046673984616063535,0.0001773230906110257,0.003722875379025936,0.0005740177002735436,0.001541181467473507,0.14016252756118774,0.009079581126570702,0.0019870148971676826,0.0045490507036447525,0.0011212826939299703,0.00547597324475646,0.00046546716475859284
42,es,sharegpt,1,1,ok,32,0.00045287367538549006,0.004181629978120327,7.118647999959649e-07,0.0014065599534660578,0.0011481984984129667,0.005395909771323204,0.5798196196556091,0.010284898802638054,0.0020704190246760845,0.003707179334014654,0.0006173808942548931,0.005437762942165136,0.0014272629050537944,8.799261559033766e-05,0.0009499979205429554,0.0004634741344489157,0.0006567382952198386,0.0010050793644040823,0.004242914728820324,0.645156979560852,0.0431666299700737,0.0027313674800097942,0.001589387422427535,0.0038823431823402643,0.012205151841044426,0.00040214392356574535,2.9229031497379765e-05,6.104839849285781e-05,5.047866579843685e-05,0.00031557833426631987,0.00015249925490934402,0.0007967310957610607,0.39204350113868713,0.0013133950997143984,0.0003643832169473171,0.0002701021439861506,0.00042449060129001737,0.001599966548383236,0.0002005939750233665
43,fr,sharegpt,1,1,ok,32,0.0010557202622294426,0.009097651578485966,2.9140857805032283e-05,0.003969174809753895,0.0026788332033902407,0.002883792854845524,0.7975603342056274,0.026748286560177803,0.0022032256238162518,0.0071445852518081665,0.002660652855411172,0.02390877716243267,0.006529486738145351,0.0005125966854393482,0.0015775348292663693,9.222742664860561e-05,0.003723030909895897,0.002960286568850279,0.0025233840569853783,0.5842986702919006,0.02040720172226429,0.003938805311918259,0.005203934386372566,0.004816467873752117,0.023417167365550995,0.0022429591044783592,0.00027682387735694647,0.0020490800961852074,0.00018259156786371022,0.002451001899316907,0.006771527696400881,0.0037401325535029173,0.41237542033195496,0.016202712431550026,0.0022593261674046516,0.004517874214798212,0.003746875561773777,0.010661603882908821,0.0007076469482854009
44,es,okapi,1,1,ok,32,0.001177510479465127,0.002107779262587428,0.00035842947545461357,0.005260099191218615,0.0018178470199927688,0.004853186663240194,0.7915455102920532,0.03009401448071003,0.005121392663568258,0.021330371499061584,0.002321450039744377,0.009649867191910744,0.0023696685675531626,0.0002749831764958799,0.0005687783705070615,0.00011827939306385815,0.0012302873656153679,0.0011269444366917014,0.0020266519859433174,0.5346052050590515,0.0020344392396509647,0.0017464431002736092,0.0024761217646300793,0.0011201724410057068,0.0020053116604685783,0.001665706979110837,0.0001651569764362648,0.00017094115901272744,8.331627759616822e-05,0.0009591674315743148,0.0003828178741969168,0.0013639883836731315,0.17741471529006958,0.004306648392230272,0.00298316590487957,0.0018501305021345615,0.0017392691224813461,0.003040245734155178,0.0015537638682872057
45,de,complex_prompts,1,1,ok,32,0.0003604115336202085,0.015145160257816315,9.225463873008266e-05,0.015369622968137264,0.001061442424543202,0.004833581391721964,0.573502242565155,0.0416414737701416,0.003820723621174693,0.03802540898323059,0.0007467990508303046,0.005385340191423893,0.00258333096280694,0.00022334168897941709,0.002171094296500087,0.0005097069661132991,0.004363496787846088,0.0012224800884723663,0.003432044293731451,0.2067735195159912,0.01143578253686428,0.006329075898975134,0.013386024162173271,0.0029810084961354733,0.0045912922360002995,0.0005812316085211933,0.00014746887609362602,0.0005036245565861464,0.0003522606275510043,0.0036016516387462616,0.000665058265440166,0.001511600217781961,0.057375337928533554,0.001362894894555211,0.0035945421550422907,0.0031203939579427242,0.0010848749661818147,0.0005656538414768875,0.00011838412319775671
46,it,okapi,1,1,ok,32,0.000137436727527529,0.002484195167198777,3.11994444928132e-05,0.0013144760159775615,0.001658357447013259,0.004402755293995142,0.9111979007720947,0.0233977809548378,0.0009837698889896274,0.005762867163866758,0.0004045951645821333,0.01454684603959322,0.001263867481611669,0.0001808642118703574,0.0011343013029545546,8.876006177160889e-05,0.0038303982000797987,0.0031816549599170685,0.0026065909769386053,0.562492311000824,0.006360906641930342,0.00186498137190938,0.00240531750023365,0.0006478746072389185,0.006451538763940334,0.00045095698442310095,0.00010438198660267517,0.0003764338616747409,0.0002496726519893855,0.000713790999725461,0.0007364231860265136,0.0008360345964320004,0.3577871024608612,0.000734010071028024,0.0005235883290879428,0.0014951692428439856,0.00020700837194453925,0.0015428008046001196,0.00021469738567247987
47,de,complex_prompts,1,1,ok,32,0.0001329566875938326,0.005770530551671982,0.0002520365815144032,0.00331199006177485,0.0007603872218169272,0.005068581085652113,0.8991793990135193,0.018438884988427162,0.003139010164886713,0.02241070382297039,0.0029141998384147882,0.039535459131002426,0.0011218328727409244,0.0002785382093861699,0.000978722469881177,0.00021027836191933602,0.004319637082517147,0.003233566414564848,0.009419521316885948,0.4892418384552002,0.059461914002895355,0.012104007415473461,0.036266397684812546,0.010244231671094894,0.051264598965644836,0.0009572304552420974,0.00012719952792394906,0.00029863888630643487,0.0001249457272933796,0.002514301100745797,0.0004692872171290219,0.0018507132772356272,0.18448033928871155,0.0025574159808456898,0.0014009048463776708,0.006635095924139023,0.0037727700546383858,0.0071869781240820885,0.0003789713082369417
48,it,sharegpt,1,1,ok,32,0.00015690021973568946,0.004905430134385824,2.922469320765231e-06,0.0017425089608877897,0.00839244108647108,0.009271257556974888,0.8709938526153564,0.0457744337618351,0.0020061323884874582,0.016080301254987717,0.0004730930086225271,0.014039436355233192,0.0020262233447283506,0.00022218523372430354,0.0012940731830894947,0.00032606261083856225,0.002444179728627205,0.0013074004091322422,0.00349202798679471,0.3890382647514343,0.00324114877730608,0.0018008657498285174,0.006020300090312958,0.0006646338733844459,0.00750899501144886,0.0008809935534372926,0.00024517299607396126,0.001118383603170514,0.00012794513895642012,0.002424342790618539,0.002204675693064928,0.0014021521201357245,0.21901458501815796,0.002729322761297226,0.0005196476122364402,0.0013905811356380582,0.0007861349149607122,0.003983511123806238,0.0007121939561329782
49,fr,complex_prompts,1,1,ok,32,0.0009730031015351415,0.0012679242063313723,8.67573544383049e-06,0.004589914809912443,0.003158845938742161,0.0027009889017790556,0.8593404293060303,0.027117492631077766,0.002503471914678812,0.03001353330910206,0.001953974599018693,0.00801832415163517,0.00219327793456614,0.00014008686412125826,0.00013962879893369973,0.0001821512560127303,0.0013425173237919807,0.0004994281916879117,0.001410279655829072,0.09857803583145142,0.0013689659535884857,0.0009800804546102881,0.0023506362922489643,0.001780630787834525,0.0025668381713330746,0.0021013638470321894,1.4607441698899493e-05,3.689700679387897e-05,5.961978604318574e-05,0.00041978765511885285,0.0002006583963520825,0.0006880724104121327,0.06971784681081772,0.0006678735953755677,0.0005619416479021311,0.001160248531959951,0.0012045861221849918,0.0013592388713732362,0.0006231852457858622
50,fr,complex_prompts,1,1,ok,32,0.0007865701918490231,0.018136627972126007,3.1770512578077614e-05,0.007004971150308847,0.004253836814314127,0.002037275116890669,0.8546426892280579,0.022572819143533707,0.003641315270215273,0.007076742593199015,0.007442766334861517,0.012527459301054478,0.0008412342285737395,0.0007146577117964625,0.0023856880143284798,0.00011795019963756204,0.005984012503176928,0.0038647684268653393,0.0037268344312906265,0.4205467700958252,0.04456373676657677,0.017404353246092796,0.009270497597754002,0.00741583714261651,0.017870262265205383,0.0015329493908211589,0.00015100717428140342,0.0004525431722868234,0.0005052871420048177,0.0022161859087646008,0.00023383930965792388,0.0004105870029889047,0.13498537242412567,0.0008502451237291098,0.0009175558807328343,0.0014605409232899547,0.0003825572784990072,0.0013394404668360949,0.0002023069973802194
51,fr,okapi,1,1,ok,32,0.0009500047308392823,0.010791527107357979,3.046061647182796e-05,0.004888419061899185,0.002482785377651453,0.004576922859996557,0.8715222477912903,0.041108909994363785,0.0014418548671528697,0.010454158298671246,0.0016896756133064628,0.010355737991631031,0.0017558014951646328,0.00037789897760376334,0.0009386026649735868,0.0001320448936894536,0.003996409010142088,0.003454117104411125,0.004028996452689171,0.3669593632221222,0.007659400347620249,0.0029004132375121117,0.0019977616611868143,0.001905007055029273,0.008442042395472527,0.0012171375565230846,8.323309157276526e-05,0.0004066600522492081,0.0001796356082195416,0.0020813404116779566,0.0017928853631019592,0.0022479970939457417,0.1634509563446045,0.00579817546531558,0.0026016857009381056,0.0022445085924118757,0.0010409244569018483,0.002929691458120942,0.0006195923197083175
52,it,complex_prompts,1,1,ok,32,4.895424717688002e-05,0.0006622736691497266,0.00011689691746141762,0.001148981275036931,0.0003235764743294567,0.0010903631336987019,0.7727115154266357,0.010553702712059021,0.0009542335174046457,0.012231528759002686,0.00026141421403735876,0.014158830046653748,0.0031900214962661266,6.740863682352938e-06,0.00016284945013467222,2.2857293515698984e-06,9.277845674660057e-05,0.0008459513774141669,0.00044795533176511526,0.2820892333984375,0.003713823389261961,0.0012401621788740158,0.0016930969431996346,0.000381105812266469,0.009587959386408329,0.0009543781634420156,3.628709237091243e-05,0.00011249018280068412,0.00020103110000491142,0.00011623924365267158,0.0002819752844516188,0.000182847332325764,0.04971716180443764,0.0006595750455744565,0.00035048602148890495,0.0007947199046611786,0.00017091377230826765,0.0009310179157182574,0.00031883720657788217
53,fr,okapi,1,1,ok,32,0.000364546081982553,0.003005068749189377,3.8228314224397764e-05,0.002843055408447981,0.005243333522230387,0.009745380841195583,0.7931593656539917,0.06953472644090652,0.0010617193765938282,0.016228672116994858,0.001603077631443739,0.026966353878378868,0.00419990997761488,0.00024407124146819115,0.0020604203455150127,0.00010919034684775397,0.003798792604357004,0.0021709224674850702,0.004330144263803959,0.41344791650772095,0.006193357519805431,0.001237429678440094,0.004898442886769772,0.0027251550927758217,0.008638832718133926,0.0035130446776747704,0.0006927911890670657,0.004081330262124538,0.00022883540077600628,0.003922094590961933,0.0016229329630732536,0.0026613601949065924,0.23659369349479675,0.007453477941453457,0.0011962588177993894,0.003008162369951606,0.001533432980068028,0.0047065760008990765,0.0014823769452050328
54,it,complex_prompts,1,1,ok,32,4.155133410677081e-06,0.0015332770999521017,2.2017943024366105e-08,0.0008386523113586009,0.0029002423398196697,0.006703526247292757,0.7954601645469666,0.11115603893995285,0.002578575164079666,0.007937868125736713,0.0005039439420215786,0.05448522791266441,0.0010675725061446428,1.7688656953396276e-05,0.00016373601101804525,3.5572852539189626e-06,0.0009338011150248349,0.0028505404479801655,0.0018357805674895644,0.030931096524000168,0.006513217464089394,0.001316378707997501,0.003535426687449217,0.00023075829085428268,0.006623474881052971,0.0001599621755303815,0.00029540661489591,0.00025844425545074046,8.290614641737193e-05,0.0009403577423654497,0.0009561271872371435,0.0009053131216205657,0.02274050936102867,0.0004842461203224957,0.00033196352887898684,0.000868439266923815,7.180644752224907e-05,0.0010499961208552122,0.00012143120693508536
55,de,okapi,1,1,ok,32,0.0008089898619800806,0.006494055036455393,3.068228033953346e-05,0.004630373325198889,0.0022436189465224743,0.006111906375735998,0.8398271203041077,0.0643002837896347,0.0018275651382282376,0.017438745126128197,0.0020674318075180054,0.01701302081346512,0.00139527244027704,0.00045691628474742174,0.003972219303250313,0.0001164535351563245,0.003418457694351673,0.004500308074057102,0.005630904342979193,0.4565882086753845,0.08604492992162704,0.001533406088128686,0.013289658352732658,0.005819253623485565,0.022047247737646103,0.0009589686524122953,0.00018840174016077071,0.0005789988790638745,0.00015262136003002524,0.001248226617462933,0.002112672897055745,0.0023909960873425007,0.2514793574810028,0.005446630995720625,0.0009040510631166399,0.003147386945784092,0.0016508821863681078,0.0020970450714230537,0.0003498966107144952
56,es,sharegpt,1,1,ok,32,0.0002925765293184668,0.011572541669011116,8.612318197265267e-05,0.0034811333753168583,0.0008676262223161757,0.0014378671767190099,0.8623709082603455,0.010782508179545403,0.00034330179914832115,0.004504977259784937,0.0006801042472943664,0.004357195924967527,0.001326510333456099,0.00011700975301209837,0.0014889654703438282,0.00017255652346648276,0.004965846426784992,0.0014741839841008186,0.001552098197862506,0.608320951461792,0.010794091038405895,0.0023377686738967896,0.006294627673923969,0.003160205902531743,0.011817706748843193,0.00033580244053155184,0.00011354450543876737,0.0009628018015064299,0.0002019256353378296,0.0035045354161411524,0.0035241213627159595,0.003394539002329111,0.2936115264892578,0.011857673525810242,0.001481825252994895,0.0033746291883289814,0.001337819267064333,0.005943902302533388,0.00021888315677642822
57,es,sharegpt,1,1,ok,32,0.002041204832494259,0.00642965454608202,5.530067573999986e-05,0.004250982776284218,0.0026502851396799088,0.0028670949395745993,0.6813958287239075,0.011185918003320694,0.0023277797736227512,0.004986966960132122,0.001455150661058724,0.017256146296858788,0.005096779204905033,0.00023738760501146317,0.0006068203365430236,0.00018185566295869648,0.00284139858558774,0.0008601909503340721,0.0009755007922649384,0.7933712005615234,0.001867776969447732,0.001268906518816948,0.0035839583724737167,0.0008137439144775271,0.008595949038863182,0.0009280951344408095,0.0002434033522149548,0.000715030764695257,0.00022968508710619062,0.002016585785895586,0.0009202162618748844,0.0009468643693253398,0.43923860788345337,0.0016611936734989285,0.0012173861032351851,0.0010943830711767077,0.0005825566477142274,0.003036836627870798,0.00039019130053929985
58,it,complex_prompts,1,1,ok,32,0.0010819272138178349,0.0017152513610199094,6.302212568698451e-06,0.0037610316649079323,0.0030494339298456907,0.0026162604335695505,0.871379017829895,0.023957518860697746,0.0025109227281063795,0.035870760679244995,0.001076635206118226,0.006942675914615393,0.0021701622754335403,5.583278107224032e-05,0.00020719520398415625,0.00013899317127652466,0.0012501529417932034,0.00036146421916782856,0.001233195303939283,0.33111363649368286,0.0073067182675004005,0.0009395204251632094,0.003910880535840988,0.0011946458835154772,0.003663374111056328,0.0047449953854084015,1.3542434317059815e-05,4.8507103201700374e-05,0.00019054330186918378,0.00048435706412419677,0.00014799971540924162,0.0004943251260556281,0.1370878517627716,0.0009457895066589117,0.00046820956049486995,0.0015024406602606177,0.000375673669623211,0.0007999583031050861,0.0020126670133322477
59,it,complex_prompts,1,1,ok,32,0.00032721238676458597,0.006079586688429117,7.013902359176427e-05,0.003767438232898712,0.0012419437989592552,0.0019583983812481165,0.9606594443321228,0.01135976705700159,0.0007429016404785216,0.012250872328877449,0.00023716111900284886,0.007677622605115175,0.001853204215876758,0.00018167370581068099,0.0007248122710734606,0.0001448278926545754,0.0011026456486433744,0.00021414174989331514,0.0002434605557937175,0.42524951696395874,0.001069998019374907,0.0005755334277637303,0.001315655536018312,0.0003144674701616168,0.0027559716254472733,0.0007324359612539411,0.00013358000433072448,0.00020884835976175964,0.0005471758195199072,0.000677931762766093,0.0003610817075241357,0.0005818368517793715,0.08326017111539841,0.00024140476307366043,0.00019397622963879257,0.0010518749477341771,0.00019786885241046548,0.0004650982446037233,0.0001312048698309809
60,es,okapi,1,1,ok,32,0.0008881441899575293,0.005967304576188326,1.5414236258948222e-05,0.0029460845980793238,0.0029524737037718296,0.003480846295133233,0.8001707196235657,0.020933503285050392,0.002072026487439871,0.008239363320171833,0.001346228993497789,0.011072204448282719,0.0018094673287123442,0.0004974622279405594,0.0013166738208383322,0.00011146147880936041,0.004259285517036915,0.00549727026373148,0.002558353589847684,0.41625213623046875,0.005505007691681385,0.0011892267502844334,0.003859969088807702,0.0021509798243641853,0.012740828096866608,0.0005295875016599894,0.00010017333988798782,0.0005560315912589431,0.0002842186950147152,0.0033601399045437574,0.0038543790578842163,0.002632878487929702,0.27195408940315247,0.004496928304433823,0.0015766287688165903,0.0027392315678298473,0.0008512168424203992,0.0069344304502010345,0.0002265926741529256
61,es,okapi,1,1,ok,32,0.0008775598253123462,0.005150303244590759,1.7775500964489765e-05,0.0022971881553530693,0.00236760382540524,0.0023297814186662436,0.9008434414863586,0.004530537873506546,0.0006285190465860069,0.005700007081031799,0.00017589135677553713,0.0017411790322512388,0.001346125383861363,0.00018380586698185652,0.00037542032077908516,0.00010698656114982441,0.0016572170425206423,0.0018737467471510172,0.0018861583666875958,0.42812082171440125,0.007566915359348059,0.0007073659216985106,0.00428394041955471,0.0007362447213381529,0.015813365578651428,0.00047057587653398514,0.0001143583285738714,0.00028189385193400085,0.00029677251586690545,0.0011040485696867108,0.0014741320628672838,0.0010232013883069158,0.27132168412208557,0.0019188103033229709,0.0006300989189185202,0.0014429523143917322,0.0008155262912623584,0.0063074808567762375,0.0004758135764859617
62,de,complex_prompts,1,1,ok,32,0.0010381094180047512,0.00467510474845767,5.986714313621633e-05,0.0063478690572083,0.0019591636955738068,0.005896470043808222,0.9035670161247253,0.04129836708307266,0.0018853399669751525,0.03248743712902069,0.001456915633752942,0.013804634101688862,0.002121657831594348,0.00027547511854209006,0.0008954700315371156,0.00014322246715892106,0.0031698723323643208,0.0011875892523676157,0.001999132800847292,0.28389421105384827,0.0771755650639534,0.0018936621490865946,0.011695976369082928,0.004342666827142239,0.01373201422393322,0.0006123047787696123,0.000845746835693717,0.002811838872730732,0.0008074204670265317,0.0024257211480289698,0.003960692323744297,0.004770660772919655,0.2659056484699249,0.011248094029724598,0.0018248512642458081,0.004152299370616674,0.0012884705793112516,0.00346146197989583,0.00035042542731389403
63,fr,complex_prompts,1,1,ok,32,0.0005339448107406497,0.0025093392468988895,2.52169029408833e-05,0.011172915808856487,0.001361728529445827,0.002403314458206296,0.2716576159000397,0.02185867726802826,0.002121430356055498,0.01649518311023712,0.0006464172620326281,0.02141457237303257,0.003033909946680069,5.6116183259291574e-05,0.0008609372889623046,1.5911380614852533e-05,0.0035185276065021753,0.0028564543463289738,0.0037471072282642126,0.1139131635427475,0.0024554117117077112,0.0025280818808823824,0.00981124211102724,0.0010098646162077785,0.005674685351550579,0.000743502052500844,4.951280789100565e-05,0.0002287567185703665,0.00014161693979986012,0.0013161133974790573,0.0008439543307758868,0.0015093345427885652,0.05465352162718773,0.0054162899032235146,0.0013946687104180455,0.003373164916411042,0.0011549218324944377,0.003573786001652479,0.00024612786364741623
64,de,sharegpt,1,1,ok,32,0.00037126426468603313,0.006325272377580404,6.921241583768278e-05,0.003526438260450959,0.0025517987087368965,0.007486728020012379,0.8613690733909607,0.0377044714987278,0.0008851657621562481,0.019205927848815918,0.001198674668557942,0.008822550065815449,0.0005627248319797218,0.00045855887583456933,0.0009276876226067543,0.001147608389146626,0.0027969928923994303,0.000958113931119442,0.0015784207498654723,0.4077759385108948,0.002680812031030655,0.000974628608673811,0.005902837496250868,0.0023657470010221004,0.0036132452078163624,0.00043700746027752757,8.16795218270272e-05,0.0008010716992430389,0.00022330139472614974,0.0010201131226494908,0.0005876418435946107,0.0012043820461258292,0.18076540529727936,0.001603161683306098,0.0004760950105264783,0.0016868411330506206,0.0006047985516488552,0.001120045781135559,0.000280956708593294
65,es,okapi,1,1,ok,32,0.000907273730263114,0.0012382412096485496,1.532827553774041e-08,0.00263402983546257,0.0016345980111509562,0.008556228131055832,0.8573631048202515,0.012376697733998299,0.0008400343940593302,0.006801045499742031,0.00042536621913313866,0.01670372299849987,0.0010593847837299109,0.00010191199544351548,0.0005070413462817669,0.0001028315891744569,0.0012063801987096667,0.0010885574156418443,0.003553692949935794,0.7267035245895386,0.013281513005495071,0.0021282306406646967,0.0016784570179879665,0.002931959228590131,0.010023529641330242,0.0005393184255808592,0.00021636382734868675,0.00027016238891519606,0.00028976649628020823,0.0007213751669041812,0.0008843679097481072,0.0014612114755436778,0.3550511598587036,0.0037926053628325462,0.0011586769251152873,0.00043858992285095155,0.0005521965795196593,0.004131174646317959,0.000318607606459409
66,fr,complex_prompts,1,1,ok,32,0.0002729017869569361,0.003451104974374175,3.551532427081838e-05,0.006136638578027487,0.0021461527794599533,0.001971212448552251,0.1668742150068283,0.05759631469845772,0.0026420217473059893,0.03820725530385971,0.006031384691596031,0.1514481008052826,0.00210765702649951,0.0002470892504788935,0.002382829785346985,0.0003732228942681104,0.004283355548977852,0.005919220857322216,0.0031342494767159224,0.20186790823936462,0.015659339725971222,0.005552283488214016,0.012241062708199024,0.0033414014615118504,0.021620653569698334,0.001961267087608576,0.00021972366084810346,0.0008560111746191978,0.00023932453768793494,0.003939313348382711,0.002661504317075014,0.0014638003194704652,0.1152576357126236,0.012037249282002449,0.00243660481646657,0.010357066988945007,0.0022180399391800165,0.011698232963681221,0.0012408156180754304
67,it,complex_prompts,1,1,ok,32,0.0010699157137423754,0.006419024895876646,4.4090582377975807e-05,0.003651025705039501,0.0007183218258433044,0.0015153487911447883,0.712249755859375,0.00506826676428318,0.002091860631480813,0.002451092004776001,0.0004507878329604864,0.025633910670876503,0.005631581414490938,0.0002958888071589172,0.0007098526693880558,0.0003252187743782997,0.0013304511085152626,0.00028096057940274477,0.0007960600196383893,0.7030394077301025,0.003741292981430888,0.0014408155111595988,0.0028809315990656614,0.0004651717026717961,0.005899286363273859,0.0021842264104634523,0.0001650726335356012,0.0003799597907345742,0.0006692156312055886,0.0011058090021833777,0.00017819853383116424,0.00026597463875077665,0.21916604042053223,0.0004961377126164734,0.00024931548978202045,0.0008959245751611888,0.00021246464166324586,0.000957608746830374,0.00016602642426732928
68,de,complex_prompts,1,1,ok,32,1.1439676200097892e-05,0.0034711367916315794,3.813659350271337e-05,0.005800169892609119,0.0031927654054015875,0.002028943970799446,0.5507309436798096,0.008077532052993774,0.0028951240237802267,0.019670946523547173,0.0023220169823616743,0.029156077653169632,0.002509473357349634,0.00013391501852311194,0.00046293987543322146,0.00046590736019425094,0.0024068402126431465,0.0009736288338899612,0.0008794431341812015,0.09825968742370605,0.0006193488370627165,0.0018693991005420685,0.0029827780090272427,0.0012088650837540627,0.0019418804440647364,0.0008379701757803559,0.00036527629708871245,0.00022733520017936826,1.8983080735779367e-05,0.002452458953484893,0.0002542282163631171,0.00010154573828913271,0.07493969798088074,0.0002187644422519952,0.0009118255693465471,0.001947897020727396,0.0011549090268090367,0.002643808489665389,0.00030859283288009465
69,es,sharegpt,1,1,ok,32,0.00010275158274453133,0.0029416820034384727,6.944817869225517e-05,0.005677576642483473,0.0010947426781058311,0.006033827550709248,0.9236310124397278,0.2436642348766327,0.00290735368616879,0.04342442378401756,0.0014085358707234263,0.04541570320725441,0.00030451916973106563,1.5399744370370172e-05,0.00021277935593388975,0.00014460527745541185,0.000751674990169704,0.004633190110325813,0.0036978251300752163,0.5206846594810486,0.056090787053108215,0.0042304364033043385,0.009764919057488441,0.004908875562250614,0.03244055435061455,0.0002687422093003988,0.0001636215893086046,0.000602118787355721,8.848754805512726e-05,0.004233828745782375,0.0010279130656272173,0.0008810600265860558,0.21885356307029724,0.009595751762390137,0.0014808968408033252,0.004675858188420534,0.0012428093468770385,0.013877629302442074,0.0001581493706908077
70,it,complex_prompts,1,1,ok,32,1.8753080439637415e-06,0.0002509808982722461,4.769862243847456e-06,0.0002678375458344817,0.00040924319182522595,0.0011719934409484267,0.7777629494667053,0.08530005067586899,0.0018656175816431642,0.027934588491916656,0.002667512046173215,0.05229591205716133,0.0019425093196332455,4.92526960442774e-05,0.0004974771873094141,5.2196861361153424e-05,0.0006789903854951262,0.0005865034181624651,0.0012193704023957253,0.377532958984375,0.005247482098639011,0.0010091091971844435,0.002241047564893961,0.00015256661572493613,0.004413441754877567,0.00021008729527238756,1.6132920791278593e-05,0.00018873722001444548,0.00017396995099261403,0.0005869900342077017,0.0008569738711230457,0.00038737498107366264,0.04605976864695549,0.0009264204418286681,0.0004505837569013238,0.0003553088754415512,0.0001252612710231915,0.0012782051926478744,4.5090353523846716e-05
71,it,okapi,1,1,ok,32,0.000540249515324831,0.012125051580369473,0.0001588503218954429,0.004266287200152874,0.0012382246786728501,0.0032725369092077017,0.7511951923370361,0.058001138269901276,0.0033124666661024094,0.03475068137049675,0.0010543595999479294,0.02109590545296669,0.001978223444893956,0.0001974643237190321,0.00220510340295732,0.00023944218992255628,0.003126405645161867,0.003895094618201256,0.0028455625288188457,0.39361679553985596,0.009447176940739155,0.007551801856607199,0.013905447907745838,0.0011074872454628348,0.007758875843137503,0.0010484678205102682,0.00014035310596227646,0.001474384218454361,0.0007348128710873425,0.0013478416949510574,0.0027433671057224274,0.0034739505499601364,0.09753991663455963,0.013169321231544018,0.004523514304310083,0.007287116255611181,0.0011372360168024898,0.006097740493714809,0.00033444559085182846
72,fr,sharegpt,1,1,ok,32,0.00011537614045664668,0.004502514842897654,0.00010650989861460403,0.00612838938832283,0.0015180553309619427,0.006028387229889631,0.7403244376182556,0.12197546660900116,0.00443227868527174,0.0321490578353405,0.0015908697387203574,0.022594572976231575,0.0010344404727220535,1.733150565996766e-05,0.0001769211230566725,0.0002975162351503968,0.0005973071092739701,0.003636425593867898,0.0030967453494668007,0.2579628527164459,0.037097394466400146,0.003975383937358856,0.009043361991643906,0.005491750780493021,0.026369601488113403,0.0009771056938916445,0.0002191817038692534,0.0008474947535432875,6.723247497575358e-05,0.003551118541508913,0.0011611557565629482,0.0015535160200670362,0.11515887826681137,0.011141342110931873,0.0036585326306521893,0.005757134407758713,0.0025223027914762497,0.007842577062547207,0.00026927731232717633
73,fr,complex_prompts,1,1,ok,32,0.00045213091652840376,0.008562433533370495,8.10538767836988e-05,0.007751799188554287,0.0014039570232853293,0.0025297992397099733,0.7416093945503235,0.037778012454509735,0.0019077290780842304,0.005309510510414839,0.0016028614481911063,0.015362100675702095,0.0025040656328201294,0.00028108179685659707,0.002552574500441551,0.0002463869459461421,0.0044355071149766445,0.0008513803477399051,0.003239183221012354,0.273285448551178,0.00463833985850215,0.0013171257451176643,0.010163696482777596,0.005724073387682438,0.012961169704794884,0.0017099928809329867,0.00021168305829633027,0.0018740531522780657,0.0002964586892630905,0.0024879591073840857,0.0019495150772854686,0.005372854880988598,0.22457608580589294,0.007141470909118652,0.0012267699930816889,0.00792195275425911,0.003469189628958702,0.013457946479320526,0.000531927973497659
74,it,sharegpt,1,1,ok,32,0.0001214168660226278,0.003749103983864188,0.00012077797873644158,0.003757998812943697,0.001860037911683321,0.00692336680367589,0.7935082912445068,0.20467160642147064,0.004336490761488676,0.0467807799577713,0.0008110247435979545,0.04499043896794319,0.0009184372611343861,2.9862359951948747e-05,0.0004302935558371246,0.00017246915376745164,0.0027370681054890156,0.007300091441720724,0.007405921816825867,0.24870383739471436,0.07015625387430191,0.004953538533300161,0.028980400413274765,0.0024221010971814394,0.03870789706707001,0.0009344260906800628,0.0002465924480929971,0.0010009768884629011,0.0003256338241044432,0.004367959685623646,0.0011493663769215345,0.0023263043258339167,0.13940738141536713,0.009765773080289364,0.002183502772822976,0.010753498412668705,0.0009413211373612285,0.010698913596570492,0.0003473446995485574
75,es,sharegpt,1,1,ok,32,8.386323315789923e-05,0.0028638828080147505,5.97216458118055e-05,0.005119021516293287,0.0008344156085513532,0.004270944744348526,0.9118095636367798,0.049249544739723206,0.0026246632914990187,0.021948056295514107,0.0014341300120577216,0.037472233176231384,0.0009975545108318329,0.00015542906476184726,0.0006300429813563824,0.00015400905977003276,0.0039017219096422195,0.00176768540404737,0.0024628881365060806,0.35085955262184143,0.0028724377043545246,0.003047456732019782,0.020907148718833923,0.003014268819242716,0.005933536682277918,0.001279733725823462,0.00036859052488580346,0.0018083207542076707,0.0004341829917393625,0.006719596683979034,0.0027356306090950966,0.0031790249049663544,0.11418026685714722,0.0024700460489839315,0.003639501053839922,0.006524080876260996,0.001964279217645526,0.0074162557721138,0.0005251633701846004
76,de,sharegpt,1,1,ok,32,9.259583021048456e-05,0.002534284722059965,0.0007475292077288032,0.00490217562764883,0.0005809008725918829,0.0037252565380185843,0.6808326244354248,0.07538698613643646,0.0031209909357130527,0.025318624451756477,0.0013838630402460694,0.012072538025677204,0.0014271079562604427,4.1366649384144694e-05,0.0002736870083026588,5.1627801440190524e-05,0.002482764422893524,0.00039926639874465764,0.004432359244674444,0.25979626178741455,0.014683173038065434,0.0022427006624639034,0.0115427915006876,0.0016796169802546501,0.016263863071799278,0.0009080558083951473,0.00014797992480453104,0.00046156311873346567,0.00027979121659882367,0.004247600212693214,0.0003382098802831024,0.001534295966848731,0.14775848388671875,0.006591860670596361,0.0018753764452412724,0.003487212583422661,0.0014992156066000462,0.002906911075115204,0.0004712508525699377
77,de,sharegpt,1,1,ok,32,3.6023873690282926e-05,0.0008826390840113163,1.520859171932898e-07,0.0006200968637131155,0.0034517692402005196,0.00284525821916759,0.7957342267036438,0.007011098321527243,0.001850481959991157,0.008974075317382812,0.0003150639240629971,0.006755105685442686,0.001125121139921248,5.822106686537154e-06,3.795832162722945e-05,1.8942426322610117e-05,0.00017173243395518512,0.0007166855502873659,0.0004939849604852498,0.3716418147087097,0.001749953255057335,0.006588317453861237,0.003556282026693225,0.0007067430997267365,0.00628422386944294,0.0004736066039185971,4.604081914294511e-05,0.00014470578753389418,0.0003856903640553355,0.0004828175588045269,0.0007827484514564276,0.0006421497673727572,0.13155034184455872,0.0013356903800740838,0.0005189666990190744,0.0014989253832027316,0.0002490062324795872,0.0013380335876718163,0.00042722339276224375
78,es,okapi,1,1,ok,32,0.0003751007898245007,0.0022872185800224543,2.1506366465473548e-07,0.00651878397911787,0.011015240103006363,0.0037883161567151546,0.8314343690872192,0.026014605537056923,0.0008279062458314002,0.02183021605014801,0.0012839410919696093,0.011905075050890446,0.007695643696933985,0.0002986019244417548,0.0010785083286464214,2.5051522243302315e-05,0.0025826571509242058,0.0021318248473107815,0.0030140148010104895,0.31085073947906494,0.012572530657052994,0.0011034647468477488,0.006420434452593327,0.0011455448111519217,0.010335966013371944,0.005227070767432451,9.041136218002066e-05,0.0002965926832985133,0.00022787168563809246,0.0009233760647475719,0.00496605783700943,0.0028036192525178194,0.17811600863933563,0.014424332417547703,0.0028691140469163656,0.0029827903490513563,0.003040590323507786,0.014816426672041416,0.0037235755007714033
79,it,okapi,1,1,ok,32,0.000500732334330678,0.0068385908380150795,2.2832127797300927e-05,0.003133533289656043,0.0019852551631629467,0.002607150701805949,0.890518069267273,0.022373046725988388,0.0015898382989689708,0.007508499547839165,0.0007132712053135037,0.02175532467663288,0.0034446660429239273,0.0001041716241161339,0.0008642490720376372,0.00022991544392425567,0.002502966206520796,0.0010485714301466942,0.0016499314224347472,0.482509970664978,0.010402193292975426,0.0032656060066074133,0.0026339655742049217,0.0012286764103919268,0.021863151341676712,0.0009472021483816206,0.00015006432658992708,0.0003684514667838812,0.0007931211148388684,0.0013259781990200281,0.0018435926176607609,0.0012875508982688189,0.3023260831832886,0.004103832878172398,0.001380612375214696,0.004231646191328764,0.0009446231997571886,0.005249680019915104,0.00044303826871328056
80,it,sharegpt,1,1,ok,32,0.00011856174387503415,0.0022907231468707323,8.102671563392505e-05,0.0024516747798770666,0.0019150696462020278,0.003672252409160137,0.8993492126464844,0.026904946193099022,0.0006569556426256895,0.003528081811964512,0.00015820973203517497,0.005588682834059,0.001683660433627665,0.00028524475055746734,0.0005399694200605154,0.0001585423742653802,0.0016208034940063953,0.0007958754431456327,0.0011549124028533697,0.2843741178512573,0.0028696635272353888,0.0006645746761932969,0.0016302871517837048,0.00034154532477259636,0.0065255858935415745,0.0008776378817856312,3.935601489502005e-05,0.000156328926095739,0.00011819288192782551,0.00045735735329799354,0.00035393968573771417,0.000864663626998663,0.23845580220222473,0.002134750597178936,0.0005251903203316033,0.0005488003953360021,0.00032084560371004045,0.001780533930286765,0.0003358911781106144
81,fr,sharegpt,1,1,ok,32,0.0010278294794261456,0.003453038865700364,4.774730768986046e-05,0.006171548273414373,0.004358609672635794,0.0022468536626547575,0.9095574021339417,0.023246951401233673,0.0015272563323378563,0.004541540984064341,0.0007998926448635757,0.004909056704491377,0.00252462737262249,0.0005340896314010024,0.003875819966197014,9.190470154862851e-05,0.002669872250407934,0.003446323797106743,0.0020288352388888597,0.4907644987106323,0.006683052517473698,0.0019955458119511604,0.006072920747101307,0.0013016293523833156,0.010795321315526962,0.0016933017177507281,0.00041502193198539317,0.001207325840368867,0.00048702035564929247,0.00287473201751709,0.002638293197378516,0.0020204586908221245,0.27721232175827026,0.004888335708528757,0.0014463630504906178,0.003943596500903368,0.00276973401196301,0.007197224535048008,0.00091406365390867
82,de,okapi,1,1,ok,32,0.000660241930745542,0.009317290037870407,0.0001029696868499741,0.009473328478634357,0.0012511895038187504,0.007149218115955591,0.727754533290863,0.05238748714327812,0.004323494154959917,0.03551262617111206,0.0007827389054000378,0.01403441745787859,0.0014207200147211552,0.001017728471197188,0.0033445677254348993,0.0003473577671684325,0.005811043083667755,0.004188464488834143,0.006021329667419195,0.5124510526657104,0.018480798229575157,0.010088164359331131,0.020949043333530426,0.004973284900188446,0.013198146596550941,0.0009783998830243945,0.0004086765693500638,0.0010610459139570594,0.0005167675553821027,0.009241249412298203,0.003269605105742812,0.005248416215181351,0.17297066748142242,0.012376293540000916,0.009815284982323647,0.01088729128241539,0.0026088939048349857,0.004269610159099102,0.0004935000906698406
83,fr,okapi,1,1,ok,32,0.0008140766294673085,0.003831974696367979,1.4911209689216776e-07,0.003209328046068549,0.0026142855640500784,0.006169644650071859,0.9031680822372437,0.024829909205436707,0.001075085485354066,0.008281097747385502,0.0006432203808799386,0.013246865011751652,0.000584848050493747,0.0005867218133062124,0.0008235888672061265,0.00033182790502905846,0.0029244692996144295,0.0024565858766436577,0.003499900456517935,0.36706772446632385,0.015384793281555176,0.0020394125021994114,0.004675418138504028,0.005105727817863226,0.01889086328446865,0.0005796113982796669,0.00017144190496765077,0.00014301006740424782,0.0003869052161462605,0.001731440075673163,0.001566080842167139,0.0008226942736655474,0.048869479447603226,0.001321158604696393,0.002199246548116207,0.0007802867912687361,0.0010505368700250983,0.0024774414487183094,0.00021704311075154692
84,de,okapi,1,1,ok,32,0.000825143011752516,0.004547505173832178,3.664195219243993e-06,0.006751666311174631,0.0021902339067310095,0.006656297016888857,0.7973721027374268,0.06454357504844666,0.0018991652177646756,0.03808027133345604,0.0021480931900441647,0.028069594874978065,0.001788342255167663,0.00019474918371997774,0.0018936723936349154,0.0001891838328447193,0.001867041690275073,0.006426477804780006,0.011151780374348164,0.1991783082485199,0.10306154936552048,0.0018486951012164354,0.011843252927064896,0.004851225763559341,0.022336140275001526,0.002194079337641597,0.00018373524653725326,0.0008300666813738644,0.00011193213140359148,0.0013192641781643033,0.001899578026495874,0.0020900818053632975,0.11776271462440491,0.005254738498479128,0.002053266391158104,0.006947941146790981,0.0012841012794524431,0.003606342477723956,0.0008495735819451511
85,fr,complex_prompts,1,1,ok,32,6.200553798407782e-06,0.0003759386017918587,2.9343993901420617e-09,0.001996937207877636,0.010278299450874329,0.002621781313791871,0.7263385057449341,0.10612710565328598,0.005931684281677008,0.038674548268318176,0.0004259298148099333,0.03285905346274376,0.0049503217451274395,3.5850414406013442e-06,0.00014874874614179134,2.8906248189741746e-05,0.0009026466868817806,0.003107867669314146,0.0025053638964891434,0.09647680819034576,0.011297250166535378,0.003316590329632163,0.0044791726395487785,0.002468127990141511,0.007717045955359936,0.0016207742737606168,0.00014626064512412995,0.00022973015438765287,4.722909943666309e-05,0.0017850352451205254,0.0013777471613138914,0.0007751961820758879,0.08360490202903748,0.0029521863907575607,0.002001550979912281,0.0021490047220140696,0.0006125094369053841,0.0031991973519325256,0.0009004093008115888
86,de,okapi,1,1,ok,32,0.0009857474360615015,0.0036174363922327757,0.00040854295366443694,0.007165402639657259,0.0030788173899054527,0.0075816381722688675,0.8593242168426514,0.06947299093008041,0.002083997940644622,0.03516211733222008,0.0014956064987927675,0.02979096956551075,0.006110507063567638,0.0003763402346521616,0.0007254755473695695,0.0001855212904047221,0.002473910339176655,0.002395869931206107,0.0040725721046328545,0.504169225692749,0.007385813631117344,0.003927080426365137,0.009472656063735485,0.002916022203862667,0.008376270532608032,0.008325144648551941,0.0006124572828412056,0.0003293252957519144,0.00011747498501790687,0.0027834209613502026,0.00212134444154799,0.001900633447803557,0.1487104445695877,0.003994685132056475,0.0031241646502166986,0.005675089079886675,0.0009500214364379644,0.002653680508956313,0.00309365289285779
87,fr,okapi,1,1,ok,32,9.391919593326747e-05,0.00762193975970149,7.7943562715177e-09,0.00919602531939745,0.011743074283003807,0.004762080032378435,0.9065359830856323,0.061959557235240936,0.0007021308992989361,0.018641484901309013,0.002347750822082162,0.010033991187810898,0.006372142117470503,0.00031843912438489497,0.001719626015983522,0.0007135262130759656,0.0033940288703888655,0.011347062885761261,0.011199958622455597,0.22481811046600342,0.2238134741783142,0.002947366563603282,0.009883547201752663,0.008448896929621696,0.04005047678947449,0.005021989345550537,7.906625251052901e-05,0.0004522504168562591,3.5397173633100465e-05,0.00102584483101964,0.0016989718424156308,0.0024447429459542036,0.17938968539237976,0.006510200910270214,0.002426263876259327,0.004924963228404522,0.001675917417742312,0.007200848776847124,0.002668264089152217
88,it,sharegpt,1,1,ok,32,0.00038663402665406466,0.006039690691977739,4.60401461168658e-05,0.005347237456589937,0.00296570616774261,0.007123605813831091,0.8078279495239258,0.053341757506132126,0.002566832583397627,0.03596029803156853,0.0008238588343374431,0.03269712254405022,0.009362204931676388,0.00010352389654144645,0.00032665638718754053,0.00016457270248793066,0.0008344550733454525,0.0011228915536776185,0.0030260798521339893,0.276488333940506,0.0069643547758460045,0.0019977218471467495,0.0028982185758650303,0.00037320994306355715,0.005141526460647583,0.002298144157975912,8.964313747128472e-05,0.000835366896353662,8.630743832327425e-05,0.0018187678651884198,0.001866900478489697,0.0024092106614261866,0.08967117965221405,0.0024213858414441347,0.0021130493842065334,0.006552968639880419,0.0006159952026791871,0.004798563197255135,0.003036761423572898
89,de,complex_prompts,1,1,ok,32,7.450897828675807e-05,0.0012689217692241073,1.1895607165968158e-08,0.001977791078388691,0.0007583097321912646,0.0030613939743489027,0.8415452241897583,0.0076919677667319775,0.0004121457750443369,0.00665034307166934,0.0007772123208269477,0.0035691389348357916,0.002118244767189026,5.408213473856449e-05,0.00042539625428617,1.7973103240365162e-05,0.0008738935575820506,0.001025340287014842,0.001385754207149148,0.2383950799703598,0.0037973192520439625,0.0013330091023817658,0.00361813185736537,0.0029936707578599453,0.0026071779429912567,0.0010135916527360678,2.6516252546571195e-05,0.0001238773256773129,6.0327791288727894e-05,0.000378744414774701,0.0006599701009690762,0.0014708959497511387,0.2089013308286667,0.001233922317624092,0.0008720781770534813,0.001336405985057354,0.0007131575839594007,0.0016505055828019977,0.0010120910592377186
90,fr,okapi,1,1,ok,24,0.0006344878929667175,0.005095730070024729,0.0004649906768463552,0.011186378076672554,0.004312294069677591,0.002144806319847703,0.8710996508598328,0.021435974165797234,0.0005471215699799359,0.016497192904353142,0.0009386815945617855,0.011454415507614613,0.0028401240706443787,0.00028595401090569794,0.001055332599207759,0.00013873158604837954,0.001593021210283041,0.0011752053396776319,0.0033784275874495506,0.16632767021656036,0.00850268080830574,0.001137035433202982,0.0025781607255339622,0.0010986984707415104,0.007404580246657133,0.0010580741800367832,0.00021323509281501174,0.0029501691460609436,0.00015828401956241578,0.001501284190453589,0.008570516481995583,0.004918711259961128,0.1297512650489807,0.0153244873508811,0.002477040747180581,0.0034749291371554136,0.0022486017551273108,0.016661306843161583,0.001970818033441901
91,fr,okapi,1,1,ok,32,0.0006549032987095416,0.007694345433264971,2.1294570615282282e-05,0.005796932615339756,0.0018225961830466986,0.0019419325981289148,0.7797785997390747,0.022319402545690536,0.002048979513347149,0.008325217291712761,0.0011914074420928955,0.014352893456816673,0.004880744498223066,0.00012847039033658803,0.0006579943001270294,0.00015956998686306179,0.0018151213880628347,0.00034497168962843716,0.0011631620582193136,0.5825040936470032,0.007100702729076147,0.0030397800728678703,0.003799272235482931,0.0027400662656873465,0.014896223321557045,0.0013785874471068382,0.00048361686640419066,0.00139582809060812,0.00032940160599537194,0.002567901974543929,0.002047165296971798,0.002048320835456252,0.18125566840171814,0.005513123236596584,0.003583405166864395,0.004835097119212151,0.002259334083646536,0.022337384521961212,0.0004365629574749619
92,de,complex_prompts,1,1,ok,32,0.0007546856068074703,0.0012328538578003645,0.0007886600797064602,0.002201150404289365,0.004037878941744566,0.0036233298014849424,0.8412789702415466,0.03298599272966385,0.002169728511944413,0.013847801834344864,0.003282861551269889,0.050975337624549866,0.001553584123030305,4.383977284305729e-05,0.0004425144870765507,2.7403513740864582e-05,0.0012511205859482288,0.0015901930164545774,0.0027944883331656456,0.41453731060028076,0.04051670804619789,0.006021513603627682,0.010321108624339104,0.006297587417066097,0.04939347505569458,0.0013942033983767033,2.388899702054914e-05,0.0002459251554682851,7.70609185565263e-05,0.0009666511323302984,0.0002424970007268712,0.0005889557651244104,0.12853902578353882,0.000965558341704309,0.0003948254161514342,0.0013585893902927637,0.0008111993665806949,0.0030595245771110058,0.0005856719217263162
93,de,okapi,1,1,ok,32,0.0006701687816530466,0.005842900834977627,4.385639385873219e-06,0.008438336662948132,0.002829986857250333,0.00627556350082159,0.8104456663131714,0.06527489423751831,0.0022681832779198885,0.029958251863718033,0.001947410753928125,0.028167491778731346,0.00451617268845439,0.0005699414759874344,0.0011262407060712576,0.0005712318234145641,0.0034890095703303814,0.0027337975334376097,0.005666597746312618,0.4762285649776459,0.008253488689661026,0.0032610613852739334,0.00973786972463131,0.0036124831531196833,0.007084296550601721,0.005743709392845631,0.00018847071623895317,0.0005143128801137209,0.00011594492389122024,0.0018829263281077147,0.0014450213639065623,0.001991868019104004,0.08129376918077469,0.0021178671158850193,0.0031147440895438194,0.0026929834857583046,0.0008124787709675729,0.0015297664795070887,0.0015227150870487094
94,fr,complex_prompts,1,1,ok,30,0.0008594355313107371,0.007152162492275238,5.412436439655721e-05,0.004593139514327049,0.0010341727174818516,0.0020014976616948843,0.7481165528297424,0.018539180979132652,0.0033784667029976845,0.03635220602154732,0.00135831069201231,0.006475194822996855,0.0007809399976395071,0.00031583968666382134,0.0008872800972312689,6.800519622629508e-05,0.0018319312948733568,0.0001565969141665846,0.00033372180769219995,0.04433593153953552,0.00011293204443063587,0.001201634993776679,0.003506274661049247,0.00022058055037632585,0.0015500657027587295,0.00024498041602782905,0.001325617078691721,0.0013672865461558104,0.00023423414677381516,0.004711173940449953,0.0017916010692715645,0.0010234417859464884,0.08534468710422516,0.0014174660900607705,0.0015325642889365554,0.0013732376974076033,0.0009045690530911088,0.004082585219293833,0.0005385650438256562
95,it,okapi,1,1,ok,32,0.0006277759093791246,0.010256094858050346,4.5489105104934424e-05,0.00348177389241755,0.0033083611633628607,0.004371430724859238,0.9638012647628784,0.036063965409994125,0.001320253824815154,0.014490173198282719,0.001099602784961462,0.019352847710251808,0.0005663202027790248,0.0003677621716633439,0.0005088059115223587,0.0003084653872065246,0.0030783405527472496,0.00627300888299942,0.004681060090661049,0.6881953477859497,0.013202575966715813,0.003117502201348543,0.0031839266885071993,0.001287724357098341,0.017253868281841278,0.0012221699580550194,0.00029880114016123116,0.0006292070029303432,0.00042158507858403027,0.0011728462995961308,0.004111627582460642,0.003768942318856716,0.4066978096961975,0.010515010915696621,0.0017915599746629596,0.0053744628094136715,0.0012283106334507465,0.019653460010886192,0.0004767001373693347
