language,condition,n,scorable,passes,pass_rate_scorable
de,clean,24,24,12,0.5
de,target_word_mask,24,24,13,0.541667
de,nearby_word_mask,24,24,12,0.5
de,control_head_word_mask,24,24,12,0.5
de,head_zero_decode,24,24,12,0.5
es,clean,24,24,17,0.708333
es,target_word_mask,24,24,14,0.583333
es,nearby_word_mask,24,24,17,0.708333
es,control_head_word_mask,24,24,17,0.708333
es,head_zero_decode,24,24,15,0.625
fr,clean,24,24,18,0.75
fr,target_word_mask,24,23,18,0.782609
fr,nearby_word_mask,24,24,18,0.75
fr,control_head_word_mask,24,24,18,0.75
fr,head_zero_decode,24,24,17,0.708333
it,clean,24,24,15,0.625
it,target_word_mask,24,24,13,0.541667
it,nearby_word_mask,24,24,15,0.625
it,control_head_word_mask,24,24,15,0.625
it,head_zero_decode,24,24,0,0.0
ALL,clean,96,96,62,0.645833
ALL,target_word_mask,96,95,58,0.610526
ALL,nearby_word_mask,96,96,62,0.645833
ALL,control_head_word_mask,96,96,62,0.645833
ALL,head_zero_decode,96,96,44,0.458333
