prompt_id,language,condition,baseline_pass,intervention_pass,baseline_scorable,intervention_scorable,new_failure_on_baseline_correct,first_token_matches_clean
0,es,target_word_mask,False,False,True,True,False,True
0,es,nearby_word_mask,False,False,True,True,False,True
0,es,control_head_word_mask,False,False,True,True,False,True
0,es,head_zero_decode,False,False,True,True,False,True
1,it,target_word_mask,False,False,True,True,False,True
1,it,nearby_word_mask,False,False,True,True,False,True
1,it,control_head_word_mask,False,False,True,True,False,True
1,it,head_zero_decode,False,False,True,True,False,True
2,fr,target_word_mask,False,False,True,True,False,True
2,fr,nearby_word_mask,False,False,True,True,False,True
2,fr,control_head_word_mask,False,False,True,True,False,True
2,fr,head_zero_decode,False,False,True,True,False,True
3,it,target_word_mask,False,False,True,True,False,True
3,it,nearby_word_mask,False,False,True,True,False,True
3,it,control_head_word_mask,False,False,True,True,False,True
3,it,head_zero_decode,False,False,True,True,False,True
4,es,target_word_mask,True,False,True,True,True,True
4,es,nearby_word_mask,True,True,True,True,False,True
4,es,control_head_word_mask,True,True,True,True,False,True
4,es,head_zero_decode,True,False,True,True,True,True
5,it,target_word_mask,False,False,True,True,False,True
5,it,nearby_word_mask,False,False,True,True,False,True
5,it,control_head_word_mask,False,False,True,True,False,True
5,it,head_zero_decode,False,False,True,True,False,True
6,de,target_word_mask,False,False,True,True,False,True
6,de,nearby_word_mask,False,False,True,True,False,True
6,de,control_head_word_mask,False,False,True,True,False,True
6,de,head_zero_decode,False,False,True,True,False,True
7,it,target_word_mask,False,False,True,True,False,True
7,it,nearby_word_mask,False,False,True,True,False,True
7,it,control_head_word_mask,False,False,True,True,False,True
7,it,head_zero_decode,False,False,True,True,False,True
8,fr,target_word_mask,False,False,True,True,False,True
8,fr,nearby_word_mask,False,False,True,True,False,True
8,fr,control_head_word_mask,False,False,True,True,False,True
8,fr,head_zero_decode,False,False,True,True,False,True
9,de,target_word_mask,False,False,True,True,False,True
9,de,nearby_word_mask,False,False,True,True,False,True
9,de,control_head_word_mask,False,False,True,True,False,True
9,de,head_zero_decode,False,False,True,True,False,True
10,es,target_word_mask,False,False,True,True,False,True
10,es,nearby_word_mask,False,False,True,True,False,True
10,es,control_head_word_mask,False,False,True,True,False,True
10,es,head_zero_decode,False,False,True,True,False,True
11,fr,target_word_mask,False,False,True,True,False,True
11,fr,nearby_word_mask,False,False,True,True,False,True
11,fr,control_head_word_mask,False,False,True,True,False,True
11,fr,head_zero_decode,False,False,True,True,False,True
12,es,target_word_mask,False,False,True,True,False,True
12,es,nearby_word_mask,False,False,True,True,False,True
12,es,control_head_word_mask,False,False,True,True,False,True
12,es,head_zero_decode,False,False,True,True,False,True
13,fr,target_word_mask,False,False,True,True,False,True
13,fr,nearby_word_mask,False,False,True,True,False,True
13,fr,control_head_word_mask,False,False,True,True,False,True
13,fr,head_zero_decode,False,False,True,True,False,True
14,de,target_word_mask,False,False,True,True,False,True
14,de,nearby_word_mask,False,False,True,True,False,True
14,de,control_head_word_mask,False,False,True,True,False,True
14,de,head_zero_decode,False,False,True,True,False,True
15,es,target_word_mask,False,False,True,True,False,True
15,es,nearby_word_mask,False,False,True,True,False,True
15,es,control_head_word_mask,False,False,True,True,False,True
15,es,head_zero_decode,False,False,True,True,False,True
16,es,target_word_mask,False,False,True,True,False,True
16,es,nearby_word_mask,False,False,True,True,False,True
16,es,control_head_word_mask,False,False,True,True,False,True
16,es,head_zero_decode,False,False,True,True,False,True
17,es,target_word_mask,False,False,True,True,False,True
17,es,nearby_word_mask,False,False,True,True,False,True
17,es,control_head_word_mask,False,False,True,True,False,True
17,es,head_zero_decode,False,False,True,True,False,True
18,it,target_word_mask,False,False,True,True,False,True
18,it,nearby_word_mask,False,False,True,True,False,True
18,it,control_head_word_mask,False,False,True,True,False,True
18,it,head_zero_decode,False,False,True,True,False,True
19,es,target_word_mask,False,False,True,True,False,True
19,es,nearby_word_mask,False,False,True,True,False,True
19,es,control_head_word_mask,False,False,True,True,False,True
19,es,head_zero_decode,False,False,True,True,False,True
20,de,target_word_mask,False,False,True,True,False,True
20,de,nearby_word_mask,False,False,True,True,False,True
20,de,control_head_word_mask,False,False,True,True,False,True
20,de,head_zero_decode,False,False,True,True,False,True
21,es,target_word_mask,False,False,True,True,False,True
21,es,nearby_word_mask,False,False,True,True,False,True
21,es,control_head_word_mask,False,False,True,True,False,True
21,es,head_zero_decode,False,False,True,True,False,True
22,de,target_word_mask,False,False,True,True,False,True
22,de,nearby_word_mask,False,False,True,True,False,True
22,de,control_head_word_mask,False,False,True,True,False,True
22,de,head_zero_decode,False,False,True,True,False,True
23,it,target_word_mask,True,False,True,True,True,True
23,it,nearby_word_mask,True,True,True,True,False,True
23,it,control_head_word_mask,True,True,True,True,False,True
23,it,head_zero_decode,True,True,True,True,False,True
24,fr,target_word_mask,False,False,True,True,False,True
24,fr,nearby_word_mask,False,False,True,True,False,True
24,fr,control_head_word_mask,False,False,True,True,False,True
24,fr,head_zero_decode,False,False,True,True,False,True
25,it,target_word_mask,False,False,True,True,False,True
25,it,nearby_word_mask,False,False,True,True,False,True
25,it,control_head_word_mask,False,False,True,True,False,True
25,it,head_zero_decode,False,False,True,True,False,True
26,es,target_word_mask,False,False,True,True,False,True
26,es,nearby_word_mask,False,False,True,True,False,True
26,es,control_head_word_mask,False,False,True,True,False,True
26,es,head_zero_decode,False,False,True,True,False,True
27,de,target_word_mask,False,False,True,True,False,True
27,de,nearby_word_mask,False,False,True,True,False,True
27,de,control_head_word_mask,False,False,True,True,False,True
27,de,head_zero_decode,False,False,True,True,False,True
28,es,target_word_mask,False,False,True,True,False,True
28,es,nearby_word_mask,False,False,True,True,False,True
28,es,control_head_word_mask,False,False,True,True,False,True
28,es,head_zero_decode,False,False,True,True,False,True
29,de,target_word_mask,False,False,True,True,False,True
29,de,nearby_word_mask,False,False,True,True,False,True
29,de,control_head_word_mask,False,False,True,True,False,True
29,de,head_zero_decode,False,False,True,True,False,True
30,fr,target_word_mask,False,False,True,True,False,True
30,fr,nearby_word_mask,False,False,True,True,False,True
30,fr,control_head_word_mask,False,False,True,True,False,True
30,fr,head_zero_decode,False,False,True,True,False,True
31,es,target_word_mask,False,False,True,True,False,True
31,es,nearby_word_mask,False,False,True,True,False,True
31,es,control_head_word_mask,False,False,True,True,False,True
31,es,head_zero_decode,False,False,True,True,False,True
32,es,target_word_mask,False,False,True,True,False,True
32,es,nearby_word_mask,False,False,True,True,False,True
32,es,control_head_word_mask,False,False,True,True,False,True
32,es,head_zero_decode,False,False,True,True,False,True
33,de,target_word_mask,False,False,True,True,False,True
33,de,nearby_word_mask,False,False,True,True,False,True
33,de,control_head_word_mask,False,False,True,True,False,True
33,de,head_zero_decode,False,False,True,True,False,True
34,it,target_word_mask,True,False,True,True,True,True
34,it,nearby_word_mask,True,True,True,True,False,True
34,it,control_head_word_mask,True,True,True,True,False,True
34,it,head_zero_decode,True,False,True,True,True,True
35,fr,target_word_mask,True,False,True,True,True,True
35,fr,nearby_word_mask,True,True,True,True,False,True
35,fr,control_head_word_mask,True,True,True,True,False,True
35,fr,head_zero_decode,True,True,True,True,False,True
36,de,target_word_mask,True,True,True,True,False,True
36,de,nearby_word_mask,True,True,True,True,False,True
36,de,control_head_word_mask,True,True,True,True,False,True
36,de,head_zero_decode,True,False,True,True,True,True
37,fr,target_word_mask,False,False,True,True,False,True
37,fr,nearby_word_mask,False,False,True,True,False,True
37,fr,control_head_word_mask,False,False,True,True,False,True
37,fr,head_zero_decode,False,False,True,True,False,True
38,es,target_word_mask,False,False,True,True,False,True
38,es,nearby_word_mask,False,False,True,True,False,True
38,es,control_head_word_mask,False,False,True,True,False,True
38,es,head_zero_decode,False,False,True,True,False,True
39,it,target_word_mask,False,False,True,True,False,True
39,it,nearby_word_mask,False,False,True,True,False,True
39,it,control_head_word_mask,False,False,True,True,False,True
39,it,head_zero_decode,False,False,True,True,False,True
40,de,target_word_mask,False,False,True,True,False,True
40,de,nearby_word_mask,False,False,True,True,False,True
40,de,control_head_word_mask,False,False,True,True,False,True
40,de,head_zero_decode,False,False,True,True,False,True
41,it,target_word_mask,False,False,True,True,False,True
41,it,nearby_word_mask,False,False,True,True,False,True
41,it,control_head_word_mask,False,False,True,True,False,True
41,it,head_zero_decode,False,False,True,True,False,True
42,es,target_word_mask,False,False,True,True,False,True
42,es,nearby_word_mask,False,False,True,True,False,True
42,es,control_head_word_mask,False,False,True,True,False,True
42,es,head_zero_decode,False,False,True,True,False,True
43,fr,target_word_mask,False,False,True,True,False,True
43,fr,nearby_word_mask,False,False,True,True,False,True
43,fr,control_head_word_mask,False,False,True,True,False,True
43,fr,head_zero_decode,False,False,True,True,False,True
44,es,target_word_mask,False,False,True,True,False,True
44,es,nearby_word_mask,False,False,True,True,False,True
44,es,control_head_word_mask,False,False,True,True,False,True
44,es,head_zero_decode,False,False,True,True,False,True
45,de,target_word_mask,False,False,True,True,False,True
45,de,nearby_word_mask,False,False,True,True,False,True
45,de,control_head_word_mask,False,False,True,True,False,True
45,de,head_zero_decode,False,False,True,True,False,True
46,it,target_word_mask,False,False,True,True,False,True
46,it,nearby_word_mask,False,False,True,True,False,True
46,it,control_head_word_mask,False,False,True,True,False,True
46,it,head_zero_decode,False,False,True,True,False,True
47,de,target_word_mask,False,False,True,True,False,True
47,de,nearby_word_mask,False,False,True,True,False,True
47,de,control_head_word_mask,False,False,True,True,False,True
47,de,head_zero_decode,False,False,True,True,False,True
48,it,target_word_mask,False,False,True,True,False,True
48,it,nearby_word_mask,False,False,True,True,False,True
48,it,control_head_word_mask,False,False,True,True,False,True
48,it,head_zero_decode,False,False,True,True,False,True
49,fr,target_word_mask,False,False,True,True,False,True
49,fr,nearby_word_mask,False,False,True,True,False,True
49,fr,control_head_word_mask,False,False,True,True,False,True
49,fr,head_zero_decode,False,False,True,True,False,True
50,fr,target_word_mask,False,False,True,True,False,True
50,fr,nearby_word_mask,False,False,True,True,False,True
50,fr,control_head_word_mask,False,False,True,True,False,True
50,fr,head_zero_decode,False,False,True,True,False,True
51,fr,target_word_mask,False,False,True,True,False,True
51,fr,nearby_word_mask,False,False,True,True,False,True
51,fr,control_head_word_mask,False,False,True,True,False,True
51,fr,head_zero_decode,False,False,True,True,False,True
52,it,target_word_mask,False,False,True,True,False,True
52,it,nearby_word_mask,False,False,True,True,False,True
52,it,control_head_word_mask,False,False,True,True,False,True
52,it,head_zero_decode,False,False,True,True,False,True
53,fr,target_word_mask,False,False,True,True,False,True
53,fr,nearby_word_mask,False,False,True,True,False,True
53,fr,control_head_word_mask,False,False,True,True,False,True
53,fr,head_zero_decode,False,False,True,True,False,True
54,it,target_word_mask,False,False,True,True,False,True
54,it,nearby_word_mask,False,False,True,True,False,True
54,it,control_head_word_mask,False,False,True,True,False,True
54,it,head_zero_decode,False,False,True,True,False,True
55,de,target_word_mask,False,False,True,True,False,True
55,de,nearby_word_mask,False,False,True,True,False,True
55,de,control_head_word_mask,False,False,True,True,False,True
55,de,head_zero_decode,False,False,True,True,False,True
56,es,target_word_mask,False,False,True,True,False,True
56,es,nearby_word_mask,False,False,True,True,False,True
56,es,control_head_word_mask,False,False,True,True,False,True
56,es,head_zero_decode,False,False,True,True,False,True
57,es,target_word_mask,True,False,True,True,True,True
57,es,nearby_word_mask,True,True,True,True,False,True
57,es,control_head_word_mask,True,True,True,True,False,True
57,es,head_zero_decode,True,False,True,True,True,True
58,it,target_word_mask,False,False,True,True,False,True
58,it,nearby_word_mask,False,False,True,True,False,True
58,it,control_head_word_mask,False,False,True,True,False,True
58,it,head_zero_decode,False,False,True,True,False,True
59,it,target_word_mask,True,True,True,True,False,True
59,it,nearby_word_mask,True,True,True,True,False,True
59,it,control_head_word_mask,True,True,True,True,False,True
59,it,head_zero_decode,True,True,True,True,False,True
60,es,target_word_mask,False,False,True,True,False,True
60,es,nearby_word_mask,False,False,True,True,False,True
60,es,control_head_word_mask,False,False,True,True,False,True
60,es,head_zero_decode,False,False,True,True,False,True
61,es,target_word_mask,False,False,True,True,False,True
61,es,nearby_word_mask,False,False,True,True,False,True
61,es,control_head_word_mask,False,False,True,True,False,True
61,es,head_zero_decode,False,False,True,True,False,True
62,de,target_word_mask,False,False,True,True,False,True
62,de,nearby_word_mask,False,False,True,True,False,True
62,de,control_head_word_mask,False,False,True,True,False,True
62,de,head_zero_decode,False,False,True,True,False,True
63,fr,target_word_mask,False,False,True,True,False,True
63,fr,nearby_word_mask,False,False,True,True,False,True
63,fr,control_head_word_mask,False,False,True,True,False,True
63,fr,head_zero_decode,False,False,True,True,False,True
64,de,target_word_mask,False,False,True,True,False,True
64,de,nearby_word_mask,False,False,True,True,False,True
64,de,control_head_word_mask,False,False,True,True,False,True
64,de,head_zero_decode,False,False,True,True,False,True
65,es,target_word_mask,False,False,True,True,False,True
65,es,nearby_word_mask,False,False,True,True,False,True
65,es,control_head_word_mask,False,False,True,True,False,True
65,es,head_zero_decode,False,False,True,True,False,True
66,fr,target_word_mask,True,False,True,True,True,True
66,fr,nearby_word_mask,True,True,True,True,False,True
66,fr,control_head_word_mask,True,True,True,True,False,True
66,fr,head_zero_decode,True,False,True,True,True,True
67,it,target_word_mask,True,True,True,True,False,True
67,it,nearby_word_mask,True,True,True,True,False,True
67,it,control_head_word_mask,True,True,True,True,False,True
67,it,head_zero_decode,True,False,True,True,True,True
68,de,target_word_mask,False,False,False,False,False,True
68,de,nearby_word_mask,False,False,False,False,False,True
68,de,control_head_word_mask,False,False,False,False,False,True
68,de,head_zero_decode,False,False,False,False,False,True
69,es,target_word_mask,False,False,True,True,False,True
69,es,nearby_word_mask,False,False,True,True,False,True
69,es,control_head_word_mask,False,False,True,True,False,True
69,es,head_zero_decode,False,False,True,True,False,True
70,it,target_word_mask,False,False,True,True,False,True
70,it,nearby_word_mask,False,False,True,True,False,True
70,it,control_head_word_mask,False,False,True,True,False,True
70,it,head_zero_decode,False,False,True,True,False,True
71,it,target_word_mask,False,False,True,True,False,True
71,it,nearby_word_mask,False,False,True,True,False,True
71,it,control_head_word_mask,False,False,True,True,False,True
71,it,head_zero_decode,False,False,True,True,False,True
72,fr,target_word_mask,False,False,True,True,False,True
72,fr,nearby_word_mask,False,False,True,True,False,True
72,fr,control_head_word_mask,False,False,True,True,False,True
72,fr,head_zero_decode,False,False,True,True,False,True
73,fr,target_word_mask,True,False,True,True,True,True
73,fr,nearby_word_mask,True,True,True,True,False,True
73,fr,control_head_word_mask,True,True,True,True,False,True
73,fr,head_zero_decode,True,True,True,True,False,True
74,it,target_word_mask,False,False,True,True,False,True
74,it,nearby_word_mask,False,False,True,True,False,True
74,it,control_head_word_mask,False,False,True,True,False,True
74,it,head_zero_decode,False,False,True,True,False,True
75,es,target_word_mask,False,False,True,True,False,True
75,es,nearby_word_mask,False,False,True,True,False,True
75,es,control_head_word_mask,False,False,True,True,False,True
75,es,head_zero_decode,False,False,True,True,False,True
76,de,target_word_mask,False,False,True,True,False,True
76,de,nearby_word_mask,False,False,True,True,False,True
76,de,control_head_word_mask,False,False,True,True,False,True
76,de,head_zero_decode,False,False,True,True,False,True
77,de,target_word_mask,False,False,True,True,False,True
77,de,nearby_word_mask,False,False,True,True,False,True
77,de,control_head_word_mask,False,False,True,True,False,True
77,de,head_zero_decode,False,False,True,True,False,True
78,es,target_word_mask,False,False,True,True,False,True
78,es,nearby_word_mask,False,False,True,True,False,True
78,es,control_head_word_mask,False,False,True,True,False,True
78,es,head_zero_decode,False,False,True,True,False,True
79,it,target_word_mask,False,False,True,True,False,True
79,it,nearby_word_mask,False,False,True,True,False,True
79,it,control_head_word_mask,False,False,True,True,False,True
79,it,head_zero_decode,False,False,True,True,False,True
80,it,target_word_mask,False,False,True,True,False,True
80,it,nearby_word_mask,False,False,True,True,False,True
80,it,control_head_word_mask,False,False,True,True,False,True
80,it,head_zero_decode,False,False,True,True,False,True
81,fr,target_word_mask,True,True,True,True,False,True
81,fr,nearby_word_mask,True,True,True,True,False,True
81,fr,control_head_word_mask,True,True,True,True,False,True
81,fr,head_zero_decode,True,False,True,True,True,True
82,de,target_word_mask,False,False,True,True,False,True
82,de,nearby_word_mask,False,False,True,True,False,True
82,de,control_head_word_mask,False,False,True,True,False,True
82,de,head_zero_decode,False,False,True,True,False,True
83,fr,target_word_mask,False,False,True,True,False,True
83,fr,nearby_word_mask,False,False,True,True,False,True
83,fr,control_head_word_mask,False,False,True,True,False,True
83,fr,head_zero_decode,False,False,True,True,False,True
84,de,target_word_mask,False,False,True,True,False,True
84,de,nearby_word_mask,False,False,True,True,False,True
84,de,control_head_word_mask,False,False,True,True,False,True
84,de,head_zero_decode,False,False,True,True,False,True
85,fr,target_word_mask,False,False,True,True,False,True
85,fr,nearby_word_mask,False,False,True,True,False,True
85,fr,control_head_word_mask,False,False,True,True,False,True
85,fr,head_zero_decode,False,False,True,True,False,True
86,de,target_word_mask,False,False,True,True,False,True
86,de,nearby_word_mask,False,False,True,True,False,True
86,de,control_head_word_mask,False,False,True,True,False,True
86,de,head_zero_decode,False,False,True,True,False,True
87,fr,target_word_mask,False,False,True,True,False,True
87,fr,nearby_word_mask,False,False,True,True,False,True
87,fr,control_head_word_mask,False,False,True,True,False,True
87,fr,head_zero_decode,False,False,True,True,False,True
88,it,target_word_mask,False,False,True,True,False,True
88,it,nearby_word_mask,False,False,True,True,False,True
88,it,control_head_word_mask,False,False,True,True,False,True
88,it,head_zero_decode,False,False,True,True,False,True
89,de,target_word_mask,False,False,True,True,False,True
89,de,nearby_word_mask,False,False,True,True,False,True
89,de,control_head_word_mask,False,False,True,True,False,True
89,de,head_zero_decode,False,False,True,True,False,True
90,fr,target_word_mask,False,False,True,True,False,True
90,fr,nearby_word_mask,False,False,True,True,False,True
90,fr,control_head_word_mask,False,False,True,True,False,True
90,fr,head_zero_decode,False,False,True,True,False,True
91,fr,target_word_mask,False,False,True,True,False,True
91,fr,nearby_word_mask,False,False,True,True,False,True
91,fr,control_head_word_mask,False,False,True,True,False,True
91,fr,head_zero_decode,False,False,True,True,False,True
92,de,target_word_mask,False,False,True,True,False,True
92,de,nearby_word_mask,False,False,True,True,False,True
92,de,control_head_word_mask,False,False,True,True,False,True
92,de,head_zero_decode,False,False,True,True,False,True
93,de,target_word_mask,False,False,True,True,False,True
93,de,nearby_word_mask,False,False,True,True,False,True
93,de,control_head_word_mask,False,False,True,True,False,True
93,de,head_zero_decode,False,False,True,True,False,True
94,fr,target_word_mask,True,True,True,True,False,True
94,fr,nearby_word_mask,True,True,True,True,False,True
94,fr,control_head_word_mask,True,True,True,True,False,True
94,fr,head_zero_decode,True,False,True,True,True,True
95,it,target_word_mask,False,False,True,True,False,True
95,it,nearby_word_mask,False,False,True,True,False,True
95,it,control_head_word_mask,False,False,True,True,False,True
95,it,head_zero_decode,False,False,True,True,False,True
