head,mean_sr,zero_sr,mean_c2w,zero_c2w,mean_w2c,zero_w2c,mean_acc,zero_acc,mean_dnll,zero_dnll,zero_sr_ci_lo,zero_sr_ci_hi
L0H0,0.0616,0.4608,0.0204,0.0828,0.0256,0.2972,0.4404,0.6496,-0.003927855105628986,1.2175113147661785,0.4412,0.4816
L0H1,0.3996,0.2476,0.0752,0.12,0.1724,0.0832,0.5324,0.3984,0.23184936555396263,0.11170259606222377,0.2312,0.2648
L0H2,0.0664,0.1556,0.0176,0.0536,0.03,0.0624,0.4476,0.444,-0.004745401196277754,0.04459314232611078,0.1416,0.1692
L0H3,0.228,0.194,0.1196,0.116,0.0684,0.0348,0.384,0.354,0.1349982192389163,0.0449333043316118,0.1796,0.2096
L0H4,0.072,0.0876,0.024,0.0372,0.03,0.028,0.4412,0.426,0.012067899474523358,0.02290709269604907,0.0768,0.0988
L0H5,0.1084,0.3428,0.0272,0.12,0.0556,0.114,0.4636,0.4292,0.002660500908870489,0.11738944262182915,0.324,0.362
L0H6,0.0744,0.0888,0.0308,0.0324,0.0228,0.03,0.4272,0.4328,0.0017096850869169344,0.016662200418165796,0.0776,0.1
L0H7,0.1192,0.2852,0.0484,0.222,0.0396,0.02,0.4264,0.2332,0.04363538955279456,0.7752576407345826,0.268,0.3036
L0H8,0.1508,0.1496,0.1008,0.0912,0.012,0.03,0.3464,0.374,-0.0034351170475055426,0.06905695255694777,0.1356,0.1636
L0H9,0.1136,0.2352,0.0584,0.1224,0.0244,0.066,0.4012,0.3788,-0.012286384076379164,0.091763105842678,0.2184,0.2524
L0H10,0.2452,0.5684,0.014,0.152,0.1896,0.2268,0.6108,0.51,-0.0030853322763340074,1.304459280641547,0.5484,0.5876
L0H11,0.06,0.0864,0.0368,0.0412,0.0104,0.0216,0.4088,0.4156,0.009930919819859163,0.007745466721366334,0.0756,0.098
L1H0,0.0732,0.1132,0.0364,0.0684,0.0236,0.0192,0.4224,0.386,-0.009079828009726398,0.015489191549332482,0.1016,0.1256
L1H1,0.09,0.1724,0.0464,0.1036,0.022,0.034,0.4108,0.3656,-0.007268093914719387,0.0018224821239742894,0.158,0.1876
L1H2,0.1156,0.1776,0.0544,0.1144,0.0336,0.022,0.4144,0.3428,0.008938892488483674,0.01577074023652525,0.1628,0.1932
L1H3,0.0492,0.1192,0.0144,0.02,0.0236,0.0748,0.4444,0.49,0.00316960625437801,0.023543528179561513,0.1072,0.1324
L1H4,0.0952,0.1152,0.016,0.044,0.0568,0.0428,0.476,0.434,-0.0018907296704746557,0.021217921125224137,0.1032,0.1276
L1H5,0.1016,0.2136,0.0444,0.1436,0.0344,0.0168,0.4252,0.3084,0.0021960671671132914,0.025632434628755973,0.1972,0.23
L1H6,0.078,0.1128,0.028,0.0472,0.032,0.0424,0.4392,0.4304,-0.012977218073873864,0.020693185335015407,0.1004,0.1252
L1H7,0.0764,0.1556,0.0444,0.0196,0.016,0.1032,0.4068,0.5188,-0.015717069452524157,-0.0015975920411719358,0.1412,0.1704
L1H8,0.0532,0.0876,0.0248,0.0116,0.016,0.0536,0.4264,0.4772,0.0035720421982867734,-0.0037746256155442026,0.0768,0.0996
L1H9,0.0484,0.0716,0.0096,0.0148,0.0268,0.0384,0.4524,0.4588,0.005444276152726246,0.006218864898907661,0.0616,0.0824
L1H10,0.0792,0.152,0.0312,0.1028,0.0272,0.0192,0.4312,0.3516,0.0028948541546576223,0.032809339422128936,0.1384,0.1664
L1H11,0.0976,0.1012,0.0372,0.0484,0.0284,0.024,0.4264,0.4108,0.01797020783965575,0.006973094370533062,0.0892,0.1132
L2H0,0.0616,0.2156,0.0128,0.0692,0.0328,0.0748,0.4552,0.4408,-0.0028120854130921913,0.023495218383436267,0.1996,0.2316
L2H1,0.0932,0.1144,0.0328,0.0436,0.0372,0.0444,0.4396,0.436,-0.020213456136573882,-0.0007051247303122565,0.1016,0.1268
L2H2,0.0784,0.0772,0.0408,0.0364,0.0188,0.0228,0.4132,0.4216,-0.0029407176447993066,0.005869786088814166,0.0672,0.0872
L2H3,0.0824,0.2816,0.0104,0.1732,0.0516,0.036,0.4764,0.298,-0.00466175001050928,0.022760872179643066,0.2648,0.3
L2H4,0.068,0.1016,0.01,0.0508,0.0432,0.024,0.4684,0.4084,0.0022826916712643808,0.016853450050773766,0.09,0.114
L2H5,0.0884,0.2984,0.0568,0.1964,0.0104,0.024,0.3888,0.2628,0.0020970969301679077,0.033409420789284106,0.2808,0.316
L2H6,0.1508,0.1904,0.118,0.086,0.0072,0.068,0.3244,0.4172,0.00754357144277229,0.020915997537933606,0.1756,0.2056
L2H7,0.0528,0.0804,0.0252,0.0468,0.014,0.016,0.424,0.4044,0.010500436284498704,0.005907481095119849,0.0704,0.0908
L2H8,0.0628,0.1272,0.0324,0.0612,0.0144,0.032,0.4172,0.406,0.0002286288182347107,0.017776538676969267,0.114,0.1404
L2H9,0.0576,0.1548,0.0272,0.0516,0.0172,0.0656,0.4252,0.4492,-0.004499968867103021,0.020693155626283932,0.1412,0.1688
L2H10,0.1176,0.2424,0.0176,0.1648,0.0756,0.0316,0.4932,0.302,0.009840894044817361,0.03967937546668221,0.226,0.26
L2H11,0.0808,0.1404,0.028,0.0348,0.034,0.0716,0.4412,0.472,0.004399913553899459,0.004424565493502897,0.1272,0.154
L3H0,0.054,0.1948,0.0188,0.1392,0.0164,0.022,0.4328,0.318,-0.005116982097221445,0.030428270579422545,0.1796,0.21
L3H1,0.0624,0.198,0.0296,0.154,0.0176,0.0088,0.4232,0.29,-0.0018205148550443084,0.00489344909819156,0.1824,0.2152
L3H2,0.0568,0.1224,0.0168,0.0772,0.0276,0.0224,0.446,0.3804,-0.00498298999132718,0.0043498939191728425,0.11,0.1356
L3H3,0.0588,0.068,0.0232,0.03,0.0216,0.02,0.4336,0.4252,0.005557712381846436,0.012946225297793212,0.0584,0.0784
L3H4,0.0672,0.1344,0.026,0.026,0.0252,0.0816,0.4344,0.4908,0.016355119072443358,0.015388199989420315,0.1212,0.1484
L3H5,0.0984,0.1084,0.0644,0.0712,0.0132,0.0132,0.384,0.3772,-0.006527480674169084,0.007211528276172885,0.0964,0.1212
L3H6,0.0656,0.1116,0.036,0.0696,0.0088,0.0156,0.408,0.3812,-0.003026270465503522,0.013064001732668196,0.0996,0.1236
L3H7,0.058,0.0852,0.0224,0.04,0.0228,0.0264,0.4356,0.4216,-0.003353159644905901,0.006503301750039547,0.074,0.0968
L3H8,0.072,0.1284,0.0472,0.0416,0.008,0.0604,0.396,0.454,0.00322713552197218,0.00875697629766048,0.1152,0.1416
L3H9,0.0308,0.0556,0.0144,0.0176,0.0084,0.0196,0.4292,0.4372,0.001559810398832795,0.004749050895706652,0.0468,0.0648
L3H10,0.124,0.1264,0.008,0.0172,0.0944,0.0808,0.5216,0.4988,0.015754864773171562,0.00958226427013642,0.114,0.14
L3H11,0.058,0.0808,0.0364,0.0264,0.0092,0.0336,0.408,0.4424,0.00011374018176724121,-0.0009456278008412866,0.07,0.092
L4H0,0.0324,0.0516,0.0172,0.02,0.008,0.0176,0.426,0.4328,0.0018250812049673826,0.004362690071028297,0.0432,0.0604
L4H1,0.038,0.0632,0.0124,0.0376,0.0064,0.0092,0.4292,0.4068,-0.0009884733120983924,0.0004305969000411025,0.0536,0.0728
L4H2,0.0832,0.112,0.0188,0.0264,0.0436,0.0616,0.46,0.4704,-0.0018116390014144557,0.0031592674600364745,0.0996,0.1244
L4H3,0.044,0.0576,0.0192,0.0252,0.0092,0.0156,0.4252,0.4256,-0.008050774388653537,-0.002018168620353755,0.0488,0.0668
L4H4,0.0704,0.1048,0.0308,0.0236,0.0212,0.0556,0.4256,0.4672,0.020289777425477773,0.008806371201446339,0.0936,0.1176
L4H5,0.054,0.0536,0.008,0.0176,0.0296,0.0208,0.4568,0.4384,-0.0018264413124597922,0.0028220050434262234,0.0452,0.0624
L4H6,0.0668,0.1032,0.0316,0.0664,0.0176,0.0128,0.4212,0.3816,1.899016007200771e-05,0.007653336727112325,0.0916,0.1152
L4H7,0.108,0.0764,0.0152,0.014,0.068,0.0444,0.488,0.4656,0.018336788288298322,0.005118279882525556,0.0664,0.0876
L4H8,0.1168,0.2348,0.0568,0.1888,0.0324,0.01,0.4108,0.2564,-0.024121769329727094,0.0268725218707484,0.2188,0.2524
L4H9,0.0412,0.0568,0.0152,0.03,0.0092,0.0104,0.4292,0.4156,-0.0017856144870167512,-0.00036132918958298177,0.0476,0.066
L4H10,0.066,0.0996,0.0416,0.0412,0.01,0.0292,0.4036,0.4232,0.0035960510790422617,-0.0029742026266195154,0.0876,0.1108
L4H11,0.1132,0.0768,0.0528,0.0396,0.028,0.0212,0.4104,0.4168,-0.001110611669477457,0.010844458389223988,0.0668,0.0872
L5H0,0.0948,0.116,0.012,0.0484,0.0632,0.0384,0.4864,0.4252,-0.007357867932856088,0.016444584598619194,0.1032,0.1288
L5H1,0.0428,0.3264,0.0192,0.0988,0.0116,0.1904,0.4276,0.5268,-0.0004846456037803648,0.1642754871982186,0.3088,0.3448
L5H2,0.058,0.07,0.0092,0.0376,0.0332,0.0128,0.4592,0.4104,-0.0024547057827346563,0.008598633470752404,0.0604,0.08
L5H3,0.07,0.0712,0.0116,0.038,0.0356,0.0148,0.4592,0.412,-0.004630991766195969,0.0025560600683052215,0.0612,0.0816
L5H4,0.0472,0.062,0.0068,0.0088,0.0252,0.0332,0.4536,0.4596,0.000686722994047706,0.002666437643865649,0.0528,0.072
L5H5,0.0528,0.1996,0.0132,0.106,0.0228,0.0524,0.4448,0.3816,-0.0013406082383857765,0.10558560676037576,0.184,0.2152
L5H6,0.0672,0.0604,0.0104,0.0196,0.0408,0.0268,0.4656,0.4424,0.0016680876434298497,0.008380811733221805,0.0516,0.0696
L5H7,0.018,0.0792,0.006,0.058,0.004,0.0072,0.4332,0.3844,-0.00022883645572058242,0.004385984702229173,0.0688,0.0904
L5H8,0.0624,0.164,0.0216,0.048,0.0096,0.072,0.4232,0.4592,0.0022189328466311053,0.02322947212894899,0.1508,0.178
L5H9,0.0736,0.1552,0.036,0.0592,0.0204,0.0564,0.4196,0.4324,0.009583248947635958,0.047378909428000604,0.142,0.1692
L5H10,0.0552,0.0768,0.0244,0.0356,0.0144,0.0196,0.4252,0.4192,-0.00427724571275423,0.005559873098376578,0.0664,0.0876
L5H11,0.0628,0.104,0.0112,0.0196,0.0372,0.0616,0.4612,0.4772,0.016775250983348755,0.004417640660307143,0.092,0.1168
L6H0,0.05,0.0456,0.026,0.0284,0.008,0.006,0.4172,0.4128,-0.0012608894462227127,-0.0005120225096053588,0.0376,0.0536
L6H1,0.0284,0.0384,0.006,0.01,0.008,0.0128,0.4372,0.438,-0.0005382801668707415,0.0020079390036071842,0.0312,0.046
L6H2,0.0736,0.0788,0.0432,0.0364,0.0124,0.0208,0.4044,0.4196,0.0018293727964149298,0.00021335294898339185,0.0684,0.0892
L6H3,0.0668,0.0856,0.0336,0.0528,0.0112,0.0112,0.4128,0.3936,-0.001359026903840821,0.0034228009916406066,0.0744,0.0968
L6H4,0.128,0.1392,0.0684,0.0924,0.0348,0.0188,0.4016,0.3616,-0.013855174510530865,0.03854343191436982,0.1264,0.1536
L6H5,0.0756,0.074,0.0272,0.0196,0.0252,0.0352,0.4332,0.4508,0.006149475458578912,0.0028682441434977335,0.0636,0.084
L6H6,0.0808,0.1252,0.0456,0.02,0.014,0.0732,0.4036,0.4884,0.030924897101494153,0.002052579258077003,0.1124,0.1384
L6H7,0.0548,0.0684,0.0272,0.0396,0.0132,0.01,0.4212,0.4056,-0.004090713910549049,0.0032799269940140263,0.0588,0.078
L6H8,0.1032,0.0608,0.012,0.026,0.058,0.0168,0.4812,0.426,-0.004083214596166229,0.011061109593712537,0.0516,0.0708
L6H9,0.0316,0.0592,0.016,0.0272,0.0088,0.014,0.428,0.422,-0.0010634169662662174,0.008299107723124699,0.0504,0.0684
L6H10,0.2092,0.2504,0.1768,0.2096,0.0032,0.0036,0.2616,0.2292,-0.014234785075981193,0.016278077521991285,0.2336,0.268
L6H11,0.0512,0.0496,0.0068,0.01,0.0268,0.0228,0.4552,0.448,0.0006096553524228554,0.0016185621487139201,0.0416,0.0584
L7H0,0.11,0.068,0.0144,0.0392,0.0668,0.0132,0.4876,0.4092,-0.01144240500694238,0.019870813965428447,0.0588,0.078
L7H1,0.0504,0.048,0.028,0.0252,0.0084,0.0108,0.4156,0.4208,-0.0022292621245716404,-0.0015913237326605767,0.0392,0.0564
L7H2,0.016,0.036,0.01,0.0212,0.004,0.0092,0.4292,0.4232,-0.0009988457902245784,1.9301821069461766e-05,0.0288,0.0436
L7H3,0.0564,0.0752,0.0148,0.0404,0.012,0.0088,0.4324,0.4036,0.003038140344731488,0.004888980674285115,0.0652,0.0852
L7H4,0.04,0.0764,0.0136,0.0496,0.0144,0.0072,0.436,0.3928,-0.0017103601053003459,0.0024226126273738657,0.066,0.0868
L7H5,0.0444,0.05,0.0192,0.012,0.0128,0.0224,0.4288,0.4456,-0.0022096264618571837,-0.0019172757213317126,0.0416,0.0584
L7H6,0.2252,0.2672,0.0072,0.014,0.1908,0.214,0.6188,0.6352,0.007392692483707108,0.0020318941937160773,0.2492,0.2852
L7H7,0.0628,0.0704,0.044,0.0532,0.0036,0.0032,0.3948,0.3852,-0.0038247205375512294,0.000589808691191962,0.0608,0.0808
L7H8,0.0308,0.04,0.0068,0.0068,0.012,0.0168,0.4404,0.4452,-0.0005987998183600851,0.0043727781263616095,0.0328,0.0476
L7H9,0.0292,0.0564,0.0044,0.0068,0.0144,0.0356,0.4452,0.464,0.0009679293499642583,0.0010598944491153617,0.0476,0.0656
L7H10,0.0272,0.052,0.0148,0.0256,0.0092,0.0148,0.4296,0.4244,-0.0005200966201535095,0.0025824455527807544,0.0436,0.0608
L7H11,0.0232,0.052,0.008,0.0072,0.0096,0.0296,0.4368,0.4576,-0.001746342858372607,-0.0005752463981432143,0.044,0.0612
L8H0,0.046,0.062,0.0204,0.0168,0.0148,0.032,0.4296,0.4504,0.0028250025265244005,0.00011977858043366041,0.0528,0.072
L8H1,0.0188,0.0376,0.0076,0.0096,0.0052,0.0168,0.4328,0.4424,-0.0009279265498891576,-0.0010010114744050114,0.03,0.0452
L8H2,0.0904,0.1268,0.0552,0.0896,0.0124,0.0076,0.3924,0.3532,-0.0057154204028364575,0.0026101038321959535,0.1144,0.14
L8H3,0.0296,0.0584,0.0112,0.0144,0.0084,0.028,0.4324,0.4488,-0.00036080202702493125,0.0022901502079841762,0.0492,0.0684
L8H4,0.0308,0.0344,0.0032,0.006,0.0216,0.0176,0.4536,0.4468,0.00021621184956277517,0.00021937945488481603,0.0276,0.0416
L8H5,0.0556,0.0592,0.0072,0.0088,0.0304,0.0324,0.4584,0.4588,-0.004403412802267859,0.007278143086384858,0.05,0.0684
L8H6,0.1232,0.2124,0.0832,0.1728,0.0192,0.008,0.3712,0.2704,-0.019820336631773294,0.04766904616913514,0.1976,0.2296
L8H7,0.046,0.0324,0.01,0.0112,0.022,0.0116,0.4472,0.4356,0.00020887316843420933,0.006065580078962185,0.0256,0.04
L8H8,0.0412,0.0476,0.0072,0.0064,0.016,0.0228,0.444,0.4516,5.822043560144152e-05,0.001148200876996519,0.0396,0.0556
L8H9,0.0556,0.0656,0.0276,0.0364,0.0144,0.0148,0.422,0.4136,0.0014664465156668527,0.001789286867931672,0.0564,0.0756
L8H10,0.0788,0.1308,0.0208,0.0284,0.028,0.0696,0.4424,0.4764,0.036751270534558955,0.0051082934712205486,0.1184,0.144
L8H11,0.0896,0.1076,0.0484,0.0748,0.0204,0.0112,0.4072,0.3716,0.012790786178001667,0.024921020690756635,0.096,0.1204
L9H0,0.0396,0.0412,0.008,0.016,0.0224,0.0152,0.4496,0.4344,0.00045112045534523304,0.0020155220214430614,0.0336,0.0488
L9H1,0.0156,0.0356,0.0068,0.0064,0.0052,0.0192,0.4336,0.448,0.0003146240092108954,0.001155172836992513,0.0284,0.0436
L9H2,0.0444,0.0488,0.0124,0.0144,0.0168,0.0188,0.4396,0.4396,0.0014000177775486122,0.0013548339393638642,0.0404,0.0576
L9H3,0.0852,0.064,0.0104,0.0136,0.0572,0.0332,0.482,0.4548,-0.008428915710327445,0.010248703621807742,0.0548,0.074
L9H4,0.0752,0.0764,0.0528,0.0452,0.0096,0.0148,0.392,0.4048,-0.0008860048487866479,0.0008169638115704814,0.0664,0.0868
L9H5,0.042,0.0516,0.0088,0.0116,0.0188,0.026,0.4452,0.4496,0.005506092727148193,0.0029125331172465962,0.0432,0.0608
L9H6,0.0212,0.0244,0.0092,0.0112,0.0084,0.0084,0.4344,0.4324,-0.000182461026597025,0.0009363573172400663,0.0184,0.0308
L9H7,0.0472,0.05,0.0096,0.0108,0.0244,0.0268,0.45,0.4512,-0.00021971618041138896,-0.00015149726006224995,0.0416,0.0584
L9H8,0.1964,0.2164,0.1484,0.1692,0.0196,0.0128,0.3064,0.2788,0.0523272520848348,0.07186249841914272,0.2004,0.2332
L9H9,0.0348,0.0544,0.0164,0.0124,0.012,0.0292,0.4308,0.452,-0.0011313667516139603,0.00019843359639182268,0.0456,0.0632
L9H10,0.0236,0.0304,0.004,0.0132,0.0076,0.0056,0.4388,0.4276,0.0005100629295222703,0.0008525491944668673,0.0236,0.0372
L9H11,0.024,0.084,0.01,0.0628,0.0084,0.0064,0.4336,0.3788,-0.0026672752198866334,0.00455060519157513,0.074,0.0956
L10H0,0.0412,0.0452,0.0124,0.0176,0.014,0.016,0.4368,0.4336,0.0006539771691826957,0.004185870734440655,0.0372,0.0532
L10H1,0.0372,0.068,0.0156,0.022,0.016,0.0336,0.4356,0.4468,-0.0011936169924098294,0.004613729770444941,0.058,0.0792
L10H2,0.036,0.0676,0.0104,0.018,0.0132,0.0328,0.438,0.45,-0.003898939395536871,0.00546162591028132,0.058,0.078
L10H3,0.0292,0.0508,0.0092,0.012,0.012,0.0236,0.438,0.4468,-0.0002414709478903987,0.002423963253745498,0.0428,0.06
L10H4,0.1336,0.2052,0.1028,0.1648,0.006,0.0032,0.3384,0.2736,-0.0006516996794250218,0.005683305564915031,0.1892,0.222
L10H5,0.102,0.1076,0.0156,0.0228,0.0604,0.0608,0.48,0.4732,0.0026834478572776987,0.01668235086162717,0.0956,0.1192
L10H6,0.0288,0.0416,0.0128,0.0204,0.0092,0.0144,0.4316,0.4292,0.000520962991448215,0.0005998217251379501,0.034,0.05
L10H7,0.0536,0.0748,0.0184,0.0432,0.0204,0.0132,0.4372,0.4052,0.004113660123916674,0.004227591762356653,0.0648,0.0852
L10H8,0.0288,0.0484,0.0132,0.0304,0.0092,0.0064,0.4312,0.4112,-0.0001583720300413205,0.002393904109970535,0.0404,0.0568
L10H9,0.0384,0.0456,0.0108,0.0196,0.016,0.0156,0.4404,0.4312,0.002501291850928844,0.009503666509377062,0.0376,0.054
L10H10,0.1224,0.1232,0.0924,0.076,0.0096,0.0212,0.3524,0.3804,-0.00038799538255318566,0.0017033221265716492,0.1104,0.1364
L10H11,0.0252,0.0372,0.006,0.0096,0.0084,0.0176,0.4376,0.4432,0.0006475430265711069,0.0009680109596246211,0.03,0.0448
L11H0,0.0948,0.1528,0.0468,0.09,0.0236,0.0236,0.412,0.3688,0.008565164951665594,0.04076919574940607,0.1392,0.1672
L11H1,0.054,0.0796,0.0356,0.0544,0.0076,0.01,0.4072,0.3908,-0.001706088960888863,0.0006507961217661062,0.0692,0.0904
L11H2,0.0468,0.0532,0.0256,0.03,0.0092,0.0112,0.4188,0.4164,2.2954440538569543e-05,0.003517374935779749,0.0444,0.0624
L11H3,0.0468,0.0532,0.022,0.0252,0.012,0.014,0.4252,0.424,0.0019516516463786715,0.003313477696200273,0.0448,0.0628
L11H4,0.0688,0.0832,0.0248,0.0148,0.0296,0.0508,0.44,0.4712,0.0011200112288785036,0.0038405850486489257,0.072,0.0948
L11H5,0.0508,0.0576,0.0184,0.0208,0.0216,0.0244,0.4384,0.4388,0.004364222919310379,0.009520039811417469,0.0484,0.0668
L11H6,0.0624,0.0648,0.0352,0.028,0.0164,0.024,0.4164,0.4312,0.000368263606710606,0.0012163777018425748,0.0552,0.0748
L11H7,0.05,0.06,0.0248,0.038,0.0144,0.012,0.4248,0.4092,0.0013334811525993473,0.0048093086786265005,0.0508,0.07
L11H8,0.0816,0.0948,0.012,0.0228,0.0556,0.0504,0.4788,0.4628,0.040489223327327295,0.0655344624699099,0.084,0.1068
L11H9,0.0336,0.0484,0.0112,0.0108,0.0184,0.0296,0.4424,0.454,-0.0006745073637572929,0.0009920288424085655,0.0404,0.0576
L11H10,0.0716,0.0792,0.0448,0.0516,0.012,0.012,0.4024,0.3956,0.0031025635510211202,0.00276137426273948,0.0688,0.09
L11H11,0.0544,0.0704,0.0212,0.0244,0.0228,0.0308,0.4368,0.4416,-0.0005901078934602566,0.0014072446355877233,0.0604,0.0808
